instID,church_type,instName,language,instNote,placeName,region,county_orig,county_reg,city_orig,city_reg,state_orig,state_reg,latitude,longitude,attendingInstID,attendingChurch,attendingChurchFrequency,attendingChurchNote,persID,persTitle,persName,persSuffix,persRole,persNote,memberType,member,affiliated,year,diocese,diocese_reg
﻿san.nm.0001,﻿cathedral,﻿Cathedral of San Francisco de Assis,English,,,﻿Santa Fé,,,﻿Santa Fé,﻿Santa Fé,﻿NM,,﻿#REF!,﻿#REF!,,,,,,﻿Rt. Rev.,﻿J. B. Lamy,﻿D.D.,,,,,,1869,﻿SantaFé,SantaFe
﻿san.nm.0001,﻿cathedral,﻿Cathedral of San Francisco de Assis,English,,,﻿Santa Fé,,,﻿Santa Fé,﻿Santa Fé,﻿NM,,﻿#REF!,﻿#REF!,,,,,,﻿Very Rev.,﻿Peter Eguillon,,﻿Rector,,,,,1869,﻿SantaFé,SantaFe
﻿san.nm.0001,﻿cathedral,﻿Cathedral of San Francisco de Assis,English,,,﻿Santa Fé,,,﻿Santa Fé,﻿Santa Fé,﻿NM,,﻿#REF!,﻿#REF!,,,,,,﻿Rev.,﻿P. Bernal,,﻿Assistant,,,,,1869,﻿SantaFé,SantaFe
﻿san.nm.0001,﻿cathedral,﻿Cathedral of San Francisco de Assis,English,,,﻿Santa Fé,,,﻿Santa Fé,﻿Santa Fé,﻿NM,,﻿#REF!,﻿#REF!,,,,,﻿a_fourchaigu_001,﻿Rev.,﻿A. Fourchaign,,﻿Assistant,,,,,1869,﻿SantaFé,SantaFe
﻿san.nm.0002,﻿chapel,﻿Chapel of N. Sen. del Rosario,English,,,﻿Santa Fé,,,﻿Santa Fé,﻿Santa Fé,﻿NM,,﻿#REF!,﻿#REF!,﻿san.nm.0001,﻿Attended by the clergy of the Cathedral,,,,,,,,,,,,1869,﻿SantaFé,SantaFe
﻿san.nm.0003,﻿chapel,﻿Chapel of Na. Senora de Guadelupe,English,,,﻿Santa Fé,,,﻿Santa Fé,﻿Santa Fé,﻿NM,,﻿#REF!,﻿#REF!,﻿san.nm.0001,﻿Attended by the clergy of the Cathedral,,,,,,,,,,,,1869,﻿SantaFé,SantaFe
﻿san.nm.0004,﻿chapel,﻿Chapel of San Miguel,English,,,﻿Santa Fé,,,﻿Santa Fé,﻿Santa Fé,﻿NM,,﻿#REF!,﻿#REF!,﻿san.nm.0001,﻿Attended by the clergy of the Cathedral,,,,,,,,,,,,1869,﻿SantaFé,SantaFe
﻿san.nm.0005,﻿chapel,﻿Chapel of Na. Sra. de la Luz,English,﻿two chapels,,﻿Santa Fé,,,﻿Santa Fé,﻿Santa Fé,﻿NM,,﻿#REF!,﻿#REF!,﻿san.nm.0001,﻿Attended by the clergy of the Cathedral,,,,,,,,,,,,1869,﻿SantaFé,SantaFe
﻿san.nm.0006,﻿chapel,﻿Chapel of San Isidro,English,,,﻿Santa Fé,,,﻿Aguafria,﻿Aguafria,﻿NM,,﻿#REF!,﻿#REF!,﻿san.nm.0001,﻿Attended by the clergy of the Cathedral,,,,,,,,,,,,1869,﻿SantaFé,SantaFe
﻿san.nm.0007,﻿chapel,﻿Chapel of San José,English,,,﻿Santa Fé,,,﻿Cienega,﻿Cienega,﻿NM,,﻿#REF!,﻿#REF!,﻿san.nm.0001,﻿Attended by the clergy of the Cathedral,,,,,,,,,,,,1869,﻿SantaFé,SantaFe
﻿san.nm.0008,﻿chapel,﻿Chapel of N. Sen. de los Remedios,English,,,﻿Santa Fé,,,﻿Galisteo,﻿Galisteo,﻿NM,,﻿#REF!,﻿#REF!,﻿san.nm.0001,﻿Attended by the clergy of the Cathedral,,,,,,,,,,,,1869,﻿SantaFé,SantaFe
﻿san.nm.0009,﻿chapel,﻿Chapel of N. Sen. de los Angeles,English,,,﻿Santa Fé,,,﻿Pecos,﻿Pecos,﻿NM,,﻿#REF!,﻿#REF!,﻿san.nm.0001,﻿Attended by the clergy of the Cathedral,,,,,,,,,,,,1869,﻿SantaFé,SantaFe
﻿san.nm.0010,﻿chapel,﻿Chapel of San Isidro,English,,,﻿Santa Fé,,,﻿Rio Tesuque,﻿Tesuque,﻿NM,,﻿#REF!,﻿#REF!,﻿san.nm.0001,﻿Attended by the clergy of the Cathedral,,,,,,,,,,,,1869,﻿SantaFé,SantaFe
﻿san.nm.0011,﻿chapel,﻿Chapel of San Diego,English,﻿Pueblo Indians,,﻿Santa Fé,,,﻿Tesque,﻿Tesuque,﻿NM,,﻿#REF!,﻿#REF!,﻿san.nm.0001,﻿Attended by the clergy of the Cathedral,,,,,,,,,,,,1869,﻿SantaFé,SantaFe
﻿san.nm.0012,﻿church,﻿Parish Church of Santo Tomas,English,,,﻿Abiquiu,,,﻿Abiquiu,﻿Abiquiu,﻿NM,,﻿#REF!,﻿#REF!,,,,,,﻿Rev.,﻿J. Valesy,,,,,,,1869,﻿SantaFé,SantaFe
﻿san.nm.0012,﻿church,﻿Parish Church of Santo Tomas,English,,,﻿Abiquiu,,,﻿Abiquiu,﻿Abiquiu,﻿NM,,﻿#REF!,﻿#REF!,,,,,,﻿Rev.,﻿E. Parisis,,﻿Assistant,,,,,1869,﻿SantaFé,SantaFe
﻿san.nm.0013,﻿chapel,﻿Santa Rosa's Chapel,English,,,﻿Abiquiu,,,,,﻿NM,,﻿#REF!,﻿#REF!,﻿san.nm.0012,﻿Attended from Abiquiu,,,,,,,,,,,,1869,﻿SantaFé,SantaFe
﻿san.nm.0014,﻿chapel,﻿Chapel of N. Sen. de Guadalupe,English,,,﻿Abiquiu,,,﻿El Rito,﻿El Rito,﻿NM,,﻿#REF!,﻿#REF!,﻿san.nm.0012,﻿Attended from Abiquiu,,,,,,,,,,,,1869,﻿SantaFé,SantaFe
﻿san.nm.0015,﻿chapel,﻿Chapel of N. Sen. de Guadalupe,English,,,﻿Abiquiu,,,﻿Los Ancones,﻿Ancones,﻿NM,,﻿#REF!,﻿#REF!,﻿san.nm.0012,﻿Attended from Abiquiu,,,,,,,,,,,,1869,﻿SantaFé,SantaFe
﻿san.nm.0016,﻿chapel,﻿Chapel of N. Sen. de Guadalupe,English,,,﻿Abiquiu,,,﻿Servilleta,,﻿NM,,﻿#REF!,﻿#REF!,﻿san.nm.0012,﻿Attended from Abiquiu,,,,,,,,,,,,1869,﻿SantaFé,SantaFe
﻿san.nm.0017,﻿chapel,﻿Chapel of N. Sen. de Guadalupe,English,,,﻿Abiquiu,,,﻿El Ojo Caliente,﻿Ojo Caliente,﻿NM,,﻿#REF!,﻿#REF!,﻿san.nm.0012,﻿Attended from Abiquiu,,,,,,,,,,,,1869,﻿SantaFé,SantaFe
﻿san.nm.0018,﻿chapel,﻿Chapel of N. Sen. de Guadalupe,English,,,﻿Abiquiu,,,﻿El Vallecito,﻿Vallecitos,﻿NM,,﻿#REF!,﻿#REF!,﻿san.nm.0012,﻿Attended from Abiquiu,,,,,,,,,,,,1869,﻿SantaFé,SantaFe
﻿san.nm.0019,﻿chapel,﻿Chapel of N. Sen. de Guadalupe,English,,,﻿Abiquiu,,,﻿Los Canones,﻿Cañones,﻿NM,,﻿#REF!,﻿#REF!,,﻿Attended from Canones,,,,,,,,,,,,1869,﻿SantaFé,SantaFe
﻿san.nm.0020,﻿chapel,﻿Chapel of N. Sen. de Guadalupe,English,,,﻿Abiquiu,,,﻿Tierra Amarilla,﻿Tierra Amarilla,﻿NM,,﻿#REF!,﻿#REF!,﻿san.nm.0012,﻿Attended from Abiquiu,,,,,,,,,,,,1869,﻿SantaFé,SantaFe
﻿san.nm.0021,﻿chapel,﻿Chapel of N. Sen. de Guadalupe,English,,,﻿Abiquiu,,,﻿La Casita,,﻿NM,,﻿#REF!,﻿#REF!,﻿san.nm.0012,﻿Attended from Abiquiu,,,,,,,,,,,,1869,﻿SantaFé,SantaFe
﻿san.nm.0022,﻿church,﻿Parish Church of San Felipe de Neri,English,,,﻿Albuquerque,,,﻿Albuquerque,﻿Albuquerque,﻿NM,,﻿#REF!,﻿#REF!,,,,,,﻿Very Rev.,﻿L. Vigilante,﻿S.J.,,,,,,1869,﻿SantaFé,SantaFe
﻿san.nm.0022,﻿church,﻿Parish Church of San Felipe de Neri,English,,,﻿Albuquerque,,,﻿Albuquerque,﻿Albuquerque,﻿NM,,﻿#REF!,﻿#REF!,,,,,,﻿Rev.,﻿D. M. Gasparri,﻿S.J.,,,,,,1869,﻿SantaFé,SantaFe
﻿san.nm.0022,﻿church,﻿Parish Church of San Felipe de Neri,English,,,﻿Albuquerque,,,﻿Albuquerque,﻿Albuquerque,﻿NM,,﻿#REF!,﻿#REF!,,,,,,﻿Rev.,﻿M. Bianchi,﻿S.J.,,,,,,1869,﻿SantaFé,SantaFe
﻿san.nm.0023,﻿chapel,﻿Chapel of San José,English,,,﻿Albuquerque,,,﻿Ranchos de Albuq.,﻿Los Ranchos de Albuquerque,﻿NM,,﻿#REF!,﻿#REF!,﻿san.nm.0022,﻿Attended from Albuquerque,,,,,,,,,,,,1869,﻿SantaFé,SantaFe
﻿san.nm.0024,﻿chapel,﻿Chapel of Na. Sen. de Carmel,English,,,﻿Albuquerque,,,﻿El Rancho,﻿Albuquerque,﻿NM,,﻿#REF!,﻿#REF!,﻿san.nm.0022,﻿Attended from Albuquerque,,,,,,,,,,,,1869,﻿SantaFé,SantaFe
﻿san.nm.0025,﻿chapel,﻿Chapel of La Natividad,English,,,﻿Albuquerque,,,﻿Lalameda,﻿Alameda,﻿NM,,﻿#REF!,﻿#REF!,﻿san.nm.0022,﻿Attended from Albuquerque,,,,,,,,,,,,1869,﻿SantaFé,SantaFe
﻿san.nm.0026,﻿chapel,﻿San Antonio's Chapel,English,,,﻿Albuquerque,,,,,﻿NM,,﻿#REF!,﻿#REF!,﻿san.nm.0022,﻿Attended from Albuquerque,,,,,,,,,,,,1869,﻿SantaFé,SantaFe
﻿san.nm.0027,﻿chapel,﻿Chapel of San José,English,,,﻿Albuquerque,,,﻿Barelas,﻿Albuquerque,﻿NM,,﻿#REF!,﻿#REF!,﻿san.nm.0022,﻿Attended from Albuquerque,,,,,,,,,,,,1869,﻿SantaFé,SantaFe
﻿san.nm.0028,﻿chapel,﻿San Pedro's Chapel,English,,,,,,,,﻿NM,,﻿#REF!,﻿#REF!,﻿san.nm.0022,﻿Attended from Albuquerque,,,,,,,,,,,,1869,﻿SantaFé,SantaFe
﻿san.nm.0029,﻿chapel,﻿Chapel of San José,English,,,﻿Abiquiu,,,﻿Rancheros de Atrisco,﻿Albuquerque,﻿NM,,﻿#REF!,﻿#REF!,﻿san.nm.0022,﻿Attended from Albuquerque,,,,,,,,,,,,1869,﻿SantaFé,SantaFe
﻿san.nm.0030,﻿church,﻿Parish Church of San José,English,,,﻿Antonchico,,,﻿Antonchico,﻿Anton Chico,﻿NM,,﻿#REF!,﻿#REF!,,,,,,﻿Rev.,﻿Aug. Redon,,,,,,,1869,﻿SantaFé,SantaFe
﻿san.nm.0031,﻿chapel,﻿Plasa de Ariba Chapel,English,,,﻿Antonchico,,,,,﻿NM,,﻿#REF!,﻿#REF!,﻿san.nm.0030,﻿Attended from Antonchico,,,,,,,,,,,,1869,﻿SantaFé,SantaFe
﻿san.nm.0032,﻿chapel,not recorded,English,,﻿Chapel,﻿Antonchico,,,﻿Chaperito,﻿Chaperito,﻿NM,,﻿#REF!,﻿#REF!,﻿san.nm.0030,﻿Attended from Antonchico,,,,,,,,,,,,1869,﻿SantaFé,SantaFe
﻿san.nm.0033,﻿chapel,﻿Chapel of San Augustin,English,,,﻿Antonchico,,,﻿Valles,﻿San Augustin,﻿NM,,﻿#REF!,﻿#REF!,﻿san.nm.0030,﻿Attended from Antonchico,,,,,,,,,,,,1869,﻿SantaFé,SantaFe
﻿san.nm.0034,﻿chapel,not recorded,English,,﻿Chapel,﻿Antonchico,,,﻿La Lindre,﻿La Liendre,﻿NM,,﻿#REF!,﻿#REF!,﻿san.nm.0030,﻿Attended from Antonchico,,,,,,,,,,,,1869,﻿SantaFé,SantaFe
﻿san.nm.0035,﻿chapel,not recorded,English,,﻿Chapel,﻿Antonchico,,,﻿Jorupa,,﻿NM,,﻿#REF!,﻿#REF!,﻿san.nm.0030,﻿Attended from Antonchico,,,,,,,,,,,,1869,﻿SantaFé,SantaFe
﻿san.nm.0036,﻿chapel,not recorded,English,,﻿Chapel,﻿Antonchico,,,﻿Los Colonias,﻿Colonias,﻿NM,,﻿#REF!,﻿#REF!,﻿san.nm.0030,﻿Attended from Antonchico,,"﻿Also listed in Santa Fé (first) section, where it says it's attended by the clergy of the Cathedral",,,,,,,,,,1869,﻿SantaFé,SantaFe
﻿san.nm.0037,﻿chapel,not recorded,English,,﻿Chapel,﻿Antonchico,,,﻿Puerto de Luna,﻿Puerto de Luna/Santa Rosa,﻿NM,,﻿#REF!,﻿#REF!,﻿san.nm.0030,﻿Attended from Antonchico,,,,,,,,,,,,1869,﻿SantaFé,SantaFe
﻿san.nm.0038,﻿church,﻿Parish Church of Na. Senora de Belen,English,,,﻿Antonchico,,,﻿Belen,﻿Belen,﻿NM,,﻿#REF!,﻿#REF!,,,,,,﻿Rev.,﻿Eugenio Paulet,,,,,,,1869,﻿SantaFé,SantaFe
﻿san.nm.0039,﻿chapel,not recorded,English,,﻿Chapel,﻿Antonchico,,,﻿El Sauzal,,﻿NM,,﻿#REF!,﻿#REF!,﻿san.nm.0038,﻿Attended from Belen,,,,,,,,,,,,1869,﻿SantaFé,SantaFe
﻿san.nm.0040,﻿chapel,not recorded,English,,﻿Chapel,﻿Antonchico,,,﻿Los Chavez,﻿Los Chavez,﻿NM,,﻿#REF!,﻿#REF!,﻿san.nm.0038,﻿Attended from Belen,,,,,,,,,,,,1869,﻿SantaFé,SantaFe
﻿san.nm.0041,﻿church,﻿Parish Church of Na. Sen. de los Dolores,English,,,﻿Bernalillo,,,﻿Bernalillo,﻿Bernalillo,﻿NM,,﻿#REF!,﻿#REF!,,,,,﻿j_a_truchard_001,﻿Rev.,﻿J. A. Truehard,,,,,,,1869,﻿SantaFé,SantaFe
﻿san.nm.0042,﻿chapel,﻿Chapel of San José,English,,,﻿Bernalillo,,,﻿Bernalillo,﻿Bernalillo,﻿NM,,﻿#REF!,﻿#REF!,,﻿Attended by the same clergy,,,,,,,,,,,,1869,﻿SantaFé,SantaFe
﻿san.nm.0043,﻿chapel,﻿Chapel of San Antonio,English,,﻿Indian Pueblo,﻿Bernalillo,,,﻿Sandia,﻿Sandia Pueblo,﻿NM,,﻿#REF!,﻿#REF!,,﻿Attended by the same clergy,,,,,,,,,,,,1869,﻿SantaFé,SantaFe
﻿san.nm.0044,﻿chapel,﻿Chapel of Santa Familia,English,,,﻿Bernalillo,,,﻿Corales,﻿Corrales,﻿NM,,﻿#REF!,﻿#REF!,,﻿Attended by the same clergy,,,,,,,,,,,,1869,﻿SantaFé,SantaFe
﻿san.nm.0045,﻿chapel,not recorded,English,,﻿Chapel,﻿Bernalillo,,,﻿Algodones,﻿Algodones,﻿NM,,﻿#REF!,﻿#REF!,,﻿Attended by the same clergy,,,,,,,,,,,,1869,﻿SantaFé,SantaFe
﻿san.nm.0046,﻿chapel,not recorded,English,,﻿Chapel,﻿Bernalillo,,,﻿El Tejon and Placitas,﻿Placitas,﻿NM,,﻿#REF!,﻿#REF!,,﻿Attended by the same clergy,,,,,,,,,,,,1869,﻿SantaFé,SantaFe
﻿san.nm.0047,﻿church,﻿Parish Church of Na. Sen. de los Dolores,English,,,﻿Cevoyeta,,,﻿Cevoyeta,﻿Seboyeta,﻿NM,,﻿#REF!,﻿#REF!,,,,,,﻿Rev.,﻿J. B. Courbon,,,,,,,1869,﻿SantaFé,SantaFe
﻿san.nm.0048,﻿chapel,not recorded,English,,﻿Chapel,﻿Cevoyeta,,,﻿El Rito,﻿*Note there are three different El Ritos,﻿NM,,﻿#REF!,﻿#REF!,﻿san.nm.0047,﻿Chapel attended from Cevoyeta,,,,,,,,,,,,1869,﻿SantaFé,SantaFe
﻿san.nm.0049,﻿chapel,not recorded,English,,﻿Chapel,﻿Cevoyeta,,,﻿Cubero,﻿Cubero,﻿NM,,﻿#REF!,﻿#REF!,﻿san.nm.0047,﻿Chapel attended from Cevoyeta,,,,,,,,,,,,1869,﻿SantaFé,SantaFe
﻿san.nm.0050,﻿chapel,﻿St. Joseph's Chapel,English,,﻿Indian Pueblo,﻿Cevoyeta,,,﻿La Laguna,﻿Laguna,﻿NM,,﻿#REF!,﻿#REF!,﻿san.nm.0047,﻿Chapel attended from Cevoyeta,,,,,,,,,,,,1869,﻿SantaFé,SantaFe
﻿san.nm.0051,﻿chapel,﻿St. Joseph's Chapel,English,,﻿Indian Pueblo,﻿Cevoyeta,,,﻿Acoma,﻿Acoma,﻿NM,,﻿#REF!,﻿#REF!,﻿san.nm.0047,﻿Chapel attended from Cevoyeta,,,,,,,,,,,,1869,﻿SantaFé,SantaFe
﻿san.nm.0053,﻿chapel,not recorded,English,,﻿Chapel,﻿Cevoyeta,,,﻿San Mateo,﻿San Mateo,﻿NM,,﻿#REF!,﻿#REF!,﻿san.nm.0047,﻿Chapel attended from Cevoyeta,,,,,,,,,,,,1869,﻿SantaFé,SantaFe
﻿san.nm.0054,﻿chapel,not recorded,English,,"﻿Chapel, Indian Pueblo",﻿Cevoyeta,,,﻿Zuni,﻿Zuni Pueblo,﻿NM,,﻿#REF!,﻿#REF!,﻿san.nm.0047,﻿attended from Cevoyeta,,,,,,,,,,,,1869,﻿SantaFé,SantaFe
﻿san.nm.0055,﻿church,﻿Parish Church of San Augustin,English,,﻿Indian Pueblo,﻿Isleta,,,﻿Isleta,﻿Isleta Village,﻿NM,,﻿#REF!,﻿#REF!,,,,,,﻿Rev.,﻿A. Brun,,,,,,,1869,﻿SantaFé,SantaFe
﻿san.nm.0056,﻿chapel,﻿Chapel of San José,English,,,﻿Isleta,,,﻿Padillas,﻿Albuquerque,﻿NM,,﻿#REF!,﻿#REF!,﻿san.nm.0055,﻿Chapel attended from Isleta,,,,,,,,,,,,1869,﻿SantaFé,SantaFe
﻿san.nm.0057,﻿chapel,﻿Chapel of San Rafael,English,,,﻿Isleta,,,﻿Pajarito,,﻿NM,,﻿#REF!,﻿#REF!,﻿san.nm.0055,﻿Chapel attended from Isleta,,,,,,,,,,,,1869,﻿SantaFé,SantaFe
﻿san.nm.0058,﻿chapel,﻿Chapel of San Antonio,English,,,﻿Isleta,,,﻿Lentes,﻿Los Lunas,﻿NM,,﻿#REF!,﻿#REF!,﻿san.nm.0055,﻿Chapel attended from Isleta,,,,,,,,,,,,1869,﻿SantaFé,SantaFe
﻿san.nm.0059,﻿church,﻿Parish Church of Santiago,English,,﻿Indian Pueblo,﻿Jemes,,,﻿Jemes,﻿Jemez Pueblo,﻿NM,,﻿#REF!,﻿#REF!,﻿san.nm.0041,﻿Attended from Bernalillo,,,,﻿Rev.,﻿N. Valencia,,,,,,,1869,﻿SantaFé,SantaFe
﻿san.nm.0060,﻿chapel,﻿San Isidro's Chapel,English,,,,,,,,﻿NM,,﻿#REF!,﻿#REF!,﻿san.nm.0059,﻿attended from Jemes,,,,,,,,,,,,1869,﻿SantaFé,SantaFe
﻿san.nm.0061,﻿chapel,﻿San Isidro's Chapel,English,,﻿Indian Pueblo,﻿Jemes,,,﻿Silla,,﻿NM,,﻿#REF!,﻿#REF!,﻿san.nm.0059,﻿attended from Jemes,,,,,,,,,,,,1869,﻿SantaFé,SantaFe
﻿san.nm.0062,﻿chapel,not recorded,English,,﻿Indian Pueblo,﻿Jemes,,,﻿Santa Anna,﻿Santa Ana Pueblo,﻿NM,,﻿#REF!,﻿#REF!,﻿san.nm.0059,﻿attended from Jemes,,,,,,,,,,,,1869,﻿SantaFé,SantaFe
﻿san.nm.0063,﻿church,﻿Parish Church of Santa Cruz,English,,,﻿La Cañada,,,﻿La Cañada,﻿Santa Cruz,﻿NM,,﻿#REF!,﻿#REF!,,,,,,﻿Rev.,﻿Juan de Jesus Trujillo,,,,,,,1869,﻿SantaFé,SantaFe
﻿san.nm.0064,﻿chapel,﻿Sanctuario del Sr. de Esquipula,English,,,﻿La Cañada,,,,﻿Chimayo,﻿NM,,﻿#REF!,﻿#REF!,﻿san.nm.0063,﻿attended from Cañada,,,,,,,,,,,,1869,﻿SantaFé,SantaFe
﻿san.nm.0065,﻿chapel,﻿Chapel of San Francisco,English,,﻿Indian Pueblo,﻿La Cañada,,,﻿Nambé,﻿Nambé Pueblo,﻿NM,,﻿#REF!,﻿#REF!,﻿san.nm.0063,﻿attended from Cañada,,,,,,,,,,,,1869,﻿SantaFé,SantaFe
﻿san.nm.0066,﻿chapel,﻿San Antonio's Chapel,English,,,﻿La Cañada,,,﻿El Quemado,﻿Cordova,﻿NM,,﻿#REF!,﻿#REF!,﻿san.nm.0063,﻿attended from Cañada,,,,,,,,,,,,1869,﻿SantaFé,SantaFe
﻿san.nm.0067,﻿chapel,﻿Chapel of N. Senora,English,,,﻿La Cañada,,,﻿Las Truchas,﻿Truchas,﻿NM,,﻿#REF!,﻿#REF!,﻿san.nm.0063,﻿attended from Cañada,,,,,,,,,,,,1869,﻿SantaFé,SantaFe
﻿san.nm.0215,﻿church,﻿Parish Church,English,,,,,,﻿Las Cruces,﻿Las Cruces,﻿NM,,﻿#REF!,﻿#REF!,,,,,,﻿Rev.,﻿Manuel Chaves,,,,,,,1869,﻿SantaFé,SantaFe
﻿san.nm.0216,﻿chapel,not recorded,English,,,,,,﻿Donana,﻿Dona Ana,﻿NM,,﻿#REF!,﻿#REF!,,﻿attended from Las Cruces,,,,,,,,,,,,1869,﻿SantaFé,SantaFe
﻿san.nm.0068,﻿church,﻿Parish Church of Na. Sen. de los Dolores,English,,,﻿Las Vegas,,,﻿Las Vegas,﻿Las Vegas,﻿NM,,﻿#REF!,﻿#REF!,,,,,,﻿Rev.,﻿José Maria Coudert,,,,,,,1869,﻿SantaFé,SantaFe
﻿san.nm.0068,﻿church,﻿Parish Church of Na. Sen. de los Dolores,English,,,﻿Las Vegas,,,﻿Las Vegas,﻿Las Vegas,﻿NM,,﻿#REF!,﻿#REF!,,,,,,﻿Rev.,﻿C. Peyron,,﻿Assistant,,,,,1869,﻿SantaFé,SantaFe
﻿san.nm.0069,﻿chapel,not recorded,English,,﻿Chapel,﻿Las Vegas,,,﻿Plasa Ariba,,﻿NM,,﻿#REF!,﻿#REF!,﻿san.nm.0068,﻿attended from Las Vegas,,,,,,,,,,,,1869,﻿SantaFé,SantaFe
﻿san.nm.0070,﻿chapel,﻿Chapel of N. Sen. del Refugio,English,,,﻿Las Vegas,,,﻿Los Vigiles,﻿Los Vigiles,﻿NM,,﻿#REF!,﻿#REF!,﻿san.nm.0068,﻿attended from Las Vegas,,,,,,,,,,,,1869,﻿SantaFé,SantaFe
﻿san.nm.0071,﻿chapel,﻿Chapel of N. Sen. de los Dolores,English,,,﻿Las Vegas,,,﻿Tecolote,﻿Tecolote,﻿NM,,﻿#REF!,﻿#REF!,﻿san.nm.0068,﻿attended from Las Vegas,,,,,,,,,,,,1869,﻿SantaFé,SantaFe
﻿san.nm.0072,﻿chapel,﻿Chapel of San Jeronimo,English,,,﻿Las Vegas,,,﻿Valles,,﻿NM,,﻿#REF!,﻿#REF!,﻿san.nm.0068,﻿attended from Las Vegas,,,,,,,,,,,,1869,﻿SantaFé,SantaFe
﻿san.nm.0073,﻿chapel,﻿Chapel of Santo Nino,English,,,﻿Las Vegas,,,﻿Las Gallinas,﻿Gallinas,﻿NM,,﻿#REF!,﻿#REF!,﻿san.nm.0068,﻿attended from Las Vegas,,,,,,,,,,,,1869,﻿SantaFé,SantaFe
﻿san.nm.0074,﻿church,not recorded,English,﻿parish church vacant,﻿Parish Church,﻿Manzano,,,﻿Manzano,﻿Manzano,﻿NM,,﻿#REF!,﻿#REF!,,﻿Attended from Tome,,,,﻿Rev.,﻿J. S. Tafoya,,,,,,,1869,﻿SantaFé,SantaFe
﻿san.nm.0075,﻿chapel,not recorded,English,,﻿Chapel,﻿Manzano,,,﻿Chilili,﻿Chilili,﻿NM,,﻿#REF!,﻿#REF!,﻿san.nm.0074,﻿Chapel attended from Manzano,,,,,,,,,,,,1869,﻿SantaFé,SantaFe
﻿san.nm.0076,﻿chapel,not recorded,English,,﻿Chapel,﻿Manzano,,,﻿Torreon,﻿Torreon,﻿NM,,﻿#REF!,﻿#REF!,﻿san.nm.0074,﻿Chapel attended from Manzano,,,,,,,,,,,,1869,﻿SantaFé,SantaFe
﻿san.nm.0077,﻿chapel,not recorded,English,,﻿Chapel,﻿Manzano,,,﻿Tajique,﻿Tajique,﻿NM,,﻿#REF!,﻿#REF!,﻿san.nm.0074,﻿Chapel attended from Manzano,,,,,,,,,,,,1869,﻿SantaFé,SantaFe
﻿san.nm.0217,﻿chapel,not recorded,English,,﻿Chapel,﻿Manzano,,,﻿Rio Bonito,﻿Rio Bonito,﻿NM,,﻿#REF!,﻿#REF!,﻿san.nm.0074,﻿Chapel attended from Manzano,,,,,,,,,,,,1869,﻿SantaFé,SantaFe
﻿san.nm.0218,﻿church,﻿San Patricio Tularosa,English,,,﻿Manzano,,,﻿Fort Stanton,﻿Fort Stanton,﻿NM,,﻿#REF!,﻿#REF!,﻿san.nm.0077,﻿Attended from Rio Bonito,,﻿Rio Bonito is attended from Manzano (san.nm.0074),,,,,,,,,,1869,﻿SantaFé,SantaFe
﻿san.nm.0078,﻿church,﻿Parish Church of Santa Gertrudis,English,,,﻿Mora,,,﻿Mora,﻿Mora,﻿NM,,﻿#REF!,﻿#REF!,,,,,,﻿Rev.,﻿John Guérin,,﻿Pastor,,,,,1869,﻿SantaFé,SantaFe
﻿san.nm.0078,﻿church,﻿Parish Church of Santa Gertrudis,English,,,﻿Mora,,,﻿Mora,﻿Mora,﻿NM,,﻿#REF!,﻿#REF!,,,,,﻿l_bourdier_001,﻿Rev.,﻿J. Bourdier,,﻿Assistant,,,,,1869,﻿SantaFé,SantaFe
﻿san.nm.0079,﻿chapel,not recorded,English,,,﻿Mora,,,﻿El Coyote,﻿Coyote/Youngsville,﻿NM,,﻿#REF!,﻿#REF!,﻿san.nm.0078,﻿Chapel attended from Mora,,,,,,,,,,,,1869,﻿SantaFé,SantaFe
﻿san.nm.0080,﻿chapel,not recorded,English,,,﻿Mora,,,﻿Guadalupita,﻿Guadalupita,﻿NM,,﻿#REF!,﻿#REF!,﻿san.nm.0078,﻿Chapel attended from Mora,,,,,,,,,,,,1869,﻿SantaFé,SantaFe
﻿san.nm.0081,﻿chapel,not recorded,English,,,﻿Mora,,,﻿Ocate,﻿Ocate,﻿NM,,﻿#REF!,﻿#REF!,﻿san.nm.0078,﻿Chapel attended from Mora,,,,,,,,,,,,1869,﻿SantaFé,SantaFe
﻿san.nm.0082,﻿chapel,not recorded,English,,,﻿Mora,,,﻿Cimaron,﻿Cimarron,﻿NM,,﻿#REF!,﻿#REF!,﻿san.nm.0078,﻿Chapel attended from Mora,,,,,,,,,,,,1869,﻿SantaFé,SantaFe
﻿san.nm.0083,﻿chapel,not recorded,English,,,﻿Mora,,,﻿Agua Negra,﻿Holman,﻿NM,,﻿#REF!,﻿#REF!,﻿san.nm.0078,﻿Chapel attended from Mora,,,,,,,,,,,,1869,﻿SantaFé,SantaFe
﻿san.nm.0084,﻿chapel,not recorded,English,,,﻿Mora,,,﻿San Antonio,﻿San Antonio,﻿NM,,﻿#REF!,﻿#REF!,﻿san.nm.0078,﻿Chapel attended from Mora,,,,,,,,,,,,1869,﻿SantaFé,SantaFe
﻿san.nm.0085,﻿chapel,not recorded,English,,,﻿Mora,,,﻿El Rayado,﻿Rayado,﻿NM,,﻿#REF!,﻿#REF!,﻿san.nm.0078,﻿Chapel attended from Mora,,,,,,,,,,,,1869,﻿SantaFé,SantaFe
﻿san.nm.0086,﻿chapel,not recorded,English,,,﻿Mora,,,﻿La Cueva,﻿La Cueva,﻿NM,,﻿#REF!,﻿#REF!,﻿san.nm.0078,﻿Chapel attended from Mora,,,,,,,,,,,,1869,﻿SantaFé,SantaFe
﻿san.nm.0087,﻿chapel,not recorded,English,,,﻿Mora,,,﻿Placitas de la Cevoya,﻿Cebolla,﻿NM,,﻿#REF!,﻿#REF!,﻿san.nm.0078,﻿Four chapels attended from Mora,,,,,,,,,,,,1869,﻿SantaFé,SantaFe
﻿san.nm.0088,﻿church,﻿Parish Church of San Lorenzo,English,,﻿Indian Pueblo,﻿Picuries,,,﻿Picuries,﻿Picuris Pueblo,﻿NM,,﻿#REF!,﻿#REF!,,,,,﻿r_medina_001,﻿Rev.,﻿Ramon Medina,,,,,,,1869,﻿SantaFé,SantaFe
﻿san.nm.0089,﻿chapel,﻿San Antonio's Chapel,English,,,﻿Picuries,,,﻿El Peñasco,﻿Peñasco,﻿NM,,﻿#REF!,﻿#REF!,﻿san.nm.0088,﻿Attended from Picuries,,,,,,,,,,,,1869,﻿SantaFé,SantaFe
﻿san.nm.0090,﻿chapel,﻿Chapel of Na. Senora,English,,,﻿Picuries,,,﻿El Llano Largo,﻿Llano Largo,﻿NM,,﻿#REF!,﻿#REF!,﻿san.nm.0088,﻿Attended from Picuries,,,,,,,,,,,,1869,﻿SantaFé,SantaFe
﻿san.nm.0091,﻿chapel,not recorded,English,,﻿Chapel,﻿Picuries,,,,﻿El Rito,﻿NM,,﻿#REF!,﻿#REF!,﻿san.nm.0088,﻿Attended from Picuries,,,,,,,,,,,,1869,﻿SantaFé,SantaFe
﻿san.nm.0092,﻿chapel,﻿Na. Senora de Dolores,English,,,﻿Picuries,,,﻿Santa Barbara,﻿Hatch,﻿NM,,﻿#REF!,﻿#REF!,﻿san.nm.0088,﻿Attended from Picuries,,,,,,,,,,,,1869,﻿SantaFé,SantaFe
﻿san.nm.0093,﻿chapel,﻿Chapel of San José,English,,,﻿Picuries,,,﻿Las Trampas,﻿Trampas,﻿NM,,﻿#REF!,﻿#REF!,﻿san.nm.0088,﻿Attended from Picuries,,,,,,,,,,,,1869,﻿SantaFé,SantaFe
﻿san.nm.0094,﻿chapel,not recorded,English,,﻿Chapel,﻿Picuries,,,﻿El Chamizal,﻿Chamisal,﻿NM,,﻿#REF!,﻿#REF!,﻿san.nm.0088,﻿Attended from Picuries,,,,,,,,,,,,1869,﻿SantaFé,SantaFe
﻿san.nm.0095,﻿chapel,not recorded,English,,﻿Chapel,﻿Picuries,,,﻿La Cieneguilla,﻿Santa Fe,﻿NM,,﻿#REF!,﻿#REF!,﻿san.nm.0088,﻿Attended from Picuries,,,,,,,,,,,,1869,﻿SantaFé,SantaFe
﻿san.nm.0096,﻿chapel,not recorded,English,,﻿Chapel,﻿Picuries,,,﻿Rio del Pueblo,,﻿NM,,﻿#REF!,﻿#REF!,﻿san.nm.0088,﻿Attended from Picuries,,,,,,,,,,,,1869,﻿SantaFé,SantaFe
﻿san.nm.0097,﻿chapel,﻿Chapel of San Miguel,English,,,﻿Picuries,,,﻿Los Valles,﻿El Valle,﻿NM,,﻿#REF!,﻿#REF!,﻿san.nm.0088,﻿Attended from Picuries,,,,,,,,,,,,1869,﻿SantaFé,SantaFe
﻿san.nm.0098,﻿church,not recorded,English,,"﻿Parish Church, Indian Pueblo",﻿San Ildefonzo,,,﻿San Ildefonzo,﻿San Ildefonzo Pueblo,﻿NM,,﻿#REF!,﻿#REF!,,,,,,﻿Rev.,﻿Mig. Vigil,,,,,,,1869,﻿SantaFé,SantaFe
﻿san.nm.0099,﻿chapel,not recorded,English,,"﻿Chapel, Indian Pueblo",﻿Santa Clara,,,﻿Santa Clara,﻿Santa Clara Pueblo,﻿NM,,﻿#REF!,﻿#REF!,﻿san.nm.0098,﻿Attended from San Ildefonzo,,,,,,,,,,,,1869,﻿SantaFé,SantaFe
﻿san.nm.0100,﻿chapel,﻿Chapel of San José,English,,,﻿Santa Clara,,,﻿Chama,﻿Chama,﻿NM,,﻿#REF!,﻿#REF!,﻿san.nm.0098,﻿Attended from San Ildefonzo,,,,,,,,,,,,1869,﻿SantaFé,SantaFe
﻿san.nm.0101,﻿chapel,not recorded,English,,﻿Chapel,﻿Santa Clara,,,﻿Los Ranchitos,﻿Española,﻿NM,,﻿#REF!,﻿#REF!,﻿san.nm.0098,﻿Attended from San Ildefonzo,,,,,,,,,,,,1869,﻿SantaFé,SantaFe
﻿san.nm.0102,﻿chapel,not recorded,English,,﻿Chapel,﻿Santa Clara,,,﻿San Antonio,﻿San Antonio,﻿NM,,﻿#REF!,﻿#REF!,﻿san.nm.0098,﻿Attended from San Ildefonzo,,,,,,,,,,,,1869,﻿SantaFé,SantaFe
﻿san.nm.0103,﻿chapel,not recorded,English,,﻿Chapel,﻿Santa Clara,,,﻿Chupangue,﻿Guachupangue,﻿NM,,﻿#REF!,﻿#REF!,﻿san.nm.0098,﻿Attended from San Ildefonzo,,,,,,,,,,,,1869,﻿SantaFé,SantaFe
﻿san.nm.0104,﻿chapel,not recorded,English,,"﻿Chapel, Indian Pueblo",﻿Santa Clara,,,﻿Pohuaque,﻿Pojoaque,﻿NM,,﻿#REF!,﻿#REF!,﻿san.nm.0098,﻿Attended from San Ildefonzo,,,,,,,,,,,,1869,﻿SantaFé,SantaFe
﻿san.nm.0105,﻿church,not recorded,English,,"﻿Parish Church, Indian Pueblo",﻿San Juan de los Cavalleros,,,﻿San Juan de los Cavalleros,﻿Ohkay Owingeh,﻿NM,,﻿#REF!,﻿#REF!,,,,,,﻿Rev.,﻿C. Seux,,,,,,,1869,﻿SantaFé,SantaFe
﻿san.nm.0106,﻿chapel,not recorded,English,,﻿Chapel,﻿San Juan de los Cavalleros,,,﻿Plasa del Alcalde,﻿Alcalde,﻿NM,,﻿#REF!,﻿#REF!,﻿san.nm.0091,﻿Attended from San Juan,,,,,,,,,,,,1869,﻿SantaFé,SantaFe
﻿san.nm.0107,﻿chapel,﻿Chapel of Na. Sen. de la Soledad,English,,,﻿San Juan de los Cavalleros,,,﻿La Villita,﻿La Villita,﻿NM,,﻿#REF!,﻿#REF!,﻿san.nm.0091,﻿Attended from San Juan,,,,,,,,,,,,1869,﻿SantaFé,SantaFe
﻿san.nm.0108,﻿chapel,not recorded,English,,﻿Chapel,﻿San Juan de los Cavalleros,,﻿Socorro County,﻿El Bosquecito,﻿El Bosquecito,﻿NM,,﻿#REF!,﻿#REF!,﻿san.nm.0091,﻿Attended from San Juan,,,,,,,,,,,,1869,﻿SantaFé,SantaFe
﻿san.nm.0109,﻿chapel,﻿Chapel of Na. Sen. de Guadalupe,English,,,﻿San Juan de los Cavalleros,,,﻿La Jolla,﻿La Joya,﻿NM,,﻿#REF!,﻿#REF!,﻿san.nm.0091,﻿Attended from San Juan,,,,,,,,,,,,1869,﻿SantaFé,SantaFe
﻿san.nm.0110,﻿chapel,﻿Chapel of San Rafael,English,,,﻿San Juan de los Cavalleros,,,,﻿Guique/Ohkay Owingeh,﻿NM,,﻿#REF!,﻿#REF!,﻿san.nm.0091,﻿Attended from San Juan,,,,,,,,,,,,1869,﻿SantaFé,SantaFe
﻿san.nm.0111,﻿chapel,not recorded,English,,﻿Chapel,﻿San Juan de los Cavalleros,,,﻿Chamita,﻿Chamita,﻿NM,,﻿#REF!,﻿#REF!,﻿san.nm.0091,﻿Attended from San Juan,,,,,,,,,,,,1869,﻿SantaFé,SantaFe
﻿san.nm.0112,﻿chapel,not recorded,English,,﻿Chapel,﻿San Juan de los Cavalleros,,,﻿El Embudo,﻿Embudo,﻿NM,,﻿#REF!,﻿#REF!,﻿san.nm.0091,﻿Attended from San Juan,,,,,,,,,,,,1869,﻿SantaFé,SantaFe
﻿san.nm.0113,﻿church,not recorded,English,,﻿Parish Church,﻿San Miguel del Vado,,,﻿San Miguel del Vado,﻿Ribera/San Miguel del Vado,﻿NM,,﻿#REF!,﻿#REF!,,,,,﻿j_faurs_001,﻿Rev.,﻿J. B. Fayet,,,,,,,1869,﻿SantaFé,SantaFe
﻿san.nm.0114,﻿chapel,not recorded,English,,﻿Chapel,﻿San Miguel del Vado,,,﻿San José,﻿San Jose,﻿NM,,﻿#REF!,﻿#REF!,﻿san.nm.0133,﻿Attended from San Miguel,,,,,,,,,,,,1869,﻿SantaFé,SantaFe
﻿san.nm.0115,﻿chapel,﻿Chapel of San Antonio,English,,,﻿San Miguel del Vado,,,﻿El Pueblo,﻿Pueblo/Ribera,﻿NM,,﻿#REF!,﻿#REF!,﻿san.nm.0133,﻿Attended from San Miguel,,,,,,,,,,,,1869,﻿SantaFé,SantaFe
﻿san.nm.0116,﻿chapel,not recorded,English,,,﻿San Miguel del Vado,,,﻿El Puertecito,,﻿NM,,﻿#REF!,﻿#REF!,﻿san.nm.0133,﻿Attended from San Miguel,,,,,,,,,,,,1869,﻿SantaFé,SantaFe
﻿san.nm.0117,﻿chapel,not recorded,English,,,﻿San Miguel del Vado,,,﻿La Cuesta,﻿Villanueva,﻿NM,,﻿#REF!,﻿#REF!,﻿san.nm.0133,﻿Attended from San Miguel,,,,,,,,,,,,1869,﻿SantaFé,SantaFe
﻿san.nm.0118,﻿chapel,not recorded,English,,,﻿San Miguel del Vado,,,﻿Bernal,﻿Bernal,﻿NM,,﻿#REF!,﻿#REF!,﻿san.nm.0133,﻿Attended from San Miguel,,,,,,,,,,,,1869,﻿SantaFé,SantaFe
﻿san.nm.0119,﻿chapel,not recorded,English,,,﻿San Miguel del Vado,,,﻿Rio La Vaca,,﻿NM,,﻿#REF!,﻿#REF!,﻿san.nm.0133,﻿Attended from San Miguel,,"﻿Also listed in Santa Fé (first) section, where it says it's attended by the clergy of the Cathedral",,,,,,,,,,1869,﻿SantaFé,SantaFe
﻿san.nm.0244,﻿church,not recorded,English,,﻿Indian Pueblo,﻿Peña Blanca,,,﻿Peña Blanca,﻿Peña Blanca,﻿NM,,﻿#REF!,﻿#REF!,,,,,,﻿Rev.,﻿J. Faurs,,,"﻿who attends Sta. Domingo, etc.",,,,1869,﻿SantaFé,SantaFe
﻿san.nm.0120,﻿chapel,﻿Na. Señ. de Guadalupe,English,,,﻿Peña Blanca,,,﻿Peña Blanca,﻿Peña Blanca,﻿NM,,﻿#REF!,﻿#REF!,,﻿attended from S. Domingo,,,,,,,,,,,,1869,﻿SantaFé,SantaFe
﻿san.nm.0243,﻿church,not recorded,English,﻿new church building,,﻿Peña Blanca,,,﻿Peña Blanca,﻿Peña Blanca,﻿NM,,﻿#REF!,﻿#REF!,,﻿attended from S. Domingo,,,,,,,,,,,,1869,﻿SantaFé,SantaFe
﻿san.nm.0121,﻿chapel,﻿Santa Rosa,English,,﻿Chapel,﻿Peña Blanca,,,﻿Cubero,﻿Cubero,﻿NM,,﻿#REF!,﻿#REF!,﻿san.nm.0120,﻿Attended from San Domingo,,﻿No San Domingo listed.  Took the ID for the church where R. Medina is because he attends San Domingo,,,,,,,,,,1869,﻿SantaFé,SantaFe
﻿san.nm.0122,﻿chapel,not recorded,English,,﻿Indian Pueblo,﻿Peña Blanca,,,﻿San Felipe,﻿San Felipe Pueblo,﻿NM,,﻿#REF!,﻿#REF!,﻿san.nm.0120,﻿Attended from San Domingo,,﻿No San Domingo listed.  Took the ID for the church where R. Medina is because he attends San Domingo,,,,,,,,,,1869,﻿SantaFé,SantaFe
﻿san.nm.0123,﻿chapel,﻿Chapel of San Buenaventura,English,,﻿Indian Pueblo,﻿Peña Blanca,,,﻿Cochiti,﻿Cochiti Pueblo,﻿NM,,﻿#REF!,﻿#REF!,﻿san.nm.0120,﻿Attended from San Domingo,,﻿No San Domingo listed.  Took the ID for the church where R. Medina is because he attends San Domingo,,,,,,,,,,1869,﻿SantaFé,SantaFe
﻿san.nm.0219,﻿chapel,not recorded,English,,,﻿Peña Blanca,,,﻿Placer de Dolores,,﻿NM,,﻿#REF!,﻿#REF!,﻿san.nm.0120,﻿Attended from San Domingo,,﻿No San Domingo listed.  Took the ID for the church where R. Medina is because he attends San Domingo,,,,,,,,,,1869,﻿SantaFé,SantaFe
﻿san.nm.0124,﻿chapel,﻿Chapel of San Buenaventura,English,,,﻿Peña Blanca,,,﻿Placer de San Francisco,,﻿NM,,﻿#REF!,﻿#REF!,﻿san.nm.0120,﻿Attended from San Domingo,,﻿No San Domingo listed.  Took the ID for the church where R. Medina is because he attends San Domingo,,,,,,,,,,1869,﻿SantaFé,SantaFe
﻿san.nm.0126,﻿church,﻿Parish Church of Na. Sen. de Guadalupe,English,,,﻿Sapello,,,﻿Sapello,﻿Sapello,﻿NM,,﻿#REF!,﻿#REF!,,,,,,﻿Rev.,﻿J. Fialon,,,,,,,1869,﻿SantaFé,SantaFe
﻿san.nm.0126,﻿church,﻿Parish Church of Na. Sen. de Guadalupe,English,,,﻿Sapello,,,﻿Sapello,﻿Sapello,﻿NM,,﻿#REF!,﻿#REF!,,,,,,﻿Rev.,﻿E. Rousset,,﻿Assistant,,,,,1869,﻿SantaFé,SantaFe
﻿san.nm.0127,﻿chapel,not recorded,English,,﻿Chapel,﻿Sapello,,,﻿Monton de Alamos,﻿Sapello,﻿NM,,﻿#REF!,﻿#REF!,﻿san.nm.0126,﻿Attended from Sapello,,,,,,,,,,,,1869,﻿SantaFé,SantaFe
﻿san.nm.0128,﻿chapel,not recorded,English,﻿two chapels,﻿Chapel,﻿Sapello,,,﻿Las Manuelitas,﻿Sapello,﻿NM,,﻿#REF!,﻿#REF!,﻿san.nm.0126,﻿Attended from Sapello,,,,,,,,,,,,1869,﻿SantaFé,SantaFe
﻿san.nm.0129,﻿chapel,not recorded,English,,﻿Chapel,﻿Sapello,,,﻿Las Tusas,﻿Bluewater Acres,﻿NM,,﻿#REF!,﻿#REF!,﻿san.nm.0126,﻿Attended from Sapello,,,,,,,,,,,,1869,﻿SantaFé,SantaFe
﻿san.nm.0130,﻿chapel,not recorded,English,,﻿Chapel,﻿Sapello,,,﻿Las Golondrinas,﻿Golondrinas,﻿NM,,﻿#REF!,﻿#REF!,﻿san.nm.0126,﻿Attended from Sapello,,,,,,,,,,,,1869,﻿SantaFé,SantaFe
﻿san.nm.0131,﻿chapel,not recorded,English,,﻿Chapel,﻿Sapello,,,﻿Rincon del Terolote,﻿Rociada,﻿NM,,﻿#REF!,﻿#REF!,﻿san.nm.0126,﻿Attended from Sapello,,,,,,,,,,,,1869,﻿SantaFé,SantaFe
﻿san.nm.0132,﻿chapel,not recorded,English,,﻿Chapel,﻿Sapello,,,﻿La Loma Parda,﻿Loma Parda,﻿NM,,﻿#REF!,﻿#REF!,﻿san.nm.0126,﻿Attended from Sapello,,,﻿e_novert_001,,,,,,,,,1869,﻿SantaFé,SantaFe
﻿san.nm.0133,﻿church,﻿Parish Church of San Miguel,English,,,﻿Socorro,,,﻿Socorro,﻿Socorro,﻿NM,,﻿#REF!,﻿#REF!,,,,,,﻿Rev.,﻿Benito Bernard,,,"﻿attends also La Jolla, La Jolita",,,,1869,﻿SantaFé,SantaFe
﻿san.nm.0133,﻿church,﻿Parish Church of San Miguel,English,,,﻿Socorro,,,﻿Socorro,﻿Socorro,﻿NM,,﻿#REF!,﻿#REF!,,,,,,﻿Rev.,﻿M. Novert,,﻿Assistant,,,,,1869,﻿SantaFé,SantaFe
﻿san.nm.0134,﻿chapel,not recorded,English,,﻿Chapel,,,,﻿Limitar,﻿Polvadera,﻿NM,,﻿#REF!,﻿#REF!,﻿san.nm.0133,﻿Attended from Socorro,,,,,,,,,,,,1869,﻿SantaFé,SantaFe
﻿san.nm.0135,﻿chapel,not recorded,English,,﻿Chapel,﻿Socorro,,,﻿Polvadera,﻿Polvadera,﻿NM,,﻿#REF!,﻿#REF!,﻿san.nm.0133,﻿Attended from Socorro,,,,,,,,,,,,1869,﻿SantaFé,SantaFe
﻿san.nm.0136,﻿chapel,not recorded,English,,﻿Chapel,﻿Socorro,,,﻿El Sabino,,﻿NM,,﻿#REF!,﻿#REF!,﻿san.nm.0133,﻿Attended from Socorro,,,,,,,,,,,,1869,﻿SantaFé,SantaFe
﻿san.nm.0137,﻿chapel,not recorded,English,,﻿Chapel,﻿Socorro,,,﻿Luis Lopez,﻿Luis Lopez,﻿NM,,﻿#REF!,﻿#REF!,﻿san.nm.0133,﻿Attended from Socorro,,,,,,,,,,,,1869,﻿SantaFé,SantaFe
﻿san.nm.0138,﻿chapel,not recorded,English,,﻿Chapel,﻿Socorro,,,﻿La Parida,,﻿NM,,﻿#REF!,﻿#REF!,﻿san.nm.0133,﻿Attended from Socorro,,,,,,,,,,,,1869,﻿SantaFé,SantaFe
﻿san.nm.0139,﻿chapel,not recorded,English,,﻿Chapel,﻿Socorro,,,﻿El Tajo,,﻿NM,,﻿#REF!,﻿#REF!,﻿san.nm.0133,﻿Attended from Socorro,,,,,,,,,,,,1869,﻿SantaFé,SantaFe
﻿san.nm.0140,﻿chapel,not recorded,English,,﻿Chapel,﻿Socorro,,,﻿San Antonio,﻿San Antonio,﻿NM,,﻿#REF!,﻿#REF!,﻿san.nm.0133,﻿Attended from Socorro,,,,,,,,,,,,1869,﻿SantaFé,SantaFe
﻿san.nm.0220,﻿chapel,not recorded,English,,﻿Chapel,﻿Socorro,,,﻿El Paraje,﻿Paraje,﻿NM,,﻿#REF!,﻿#REF!,﻿san.nm.0133,﻿Attended from Socorro,,,,,,,,,,,,1869,﻿SantaFé,SantaFe
﻿san.nm.0221,﻿chapel,not recorded,English,,﻿Chapel,﻿Socorro,,,﻿Cañada Alamosa,﻿Cañada Alamosa,﻿NM,,﻿#REF!,﻿#REF!,﻿san.nm.0133,﻿Attended from Socorro,,,﻿a_brun_001,,,,,,,,,1869,﻿SantaFé,SantaFe
﻿san.nm.0141,﻿church,﻿Parish Church of Na. Sen. de Guadalupe,English,,,﻿Taos,,,﻿Taos,﻿Taos,﻿NM,,﻿#REF!,﻿#REF!,,,,,,﻿Rev.,﻿Gabriel Ussel,,﻿Pastor,,,,,1869,﻿SantaFé,SantaFe
﻿san.nm.0141,﻿church,﻿Parish Church of Na. Sen. de Guadalupe,English,,,﻿Taos,,,﻿Taos,﻿Taos,﻿NM,,﻿#REF!,﻿#REF!,,,,,,﻿Rev.,﻿J. Brun,,﻿Assistant,,,,,1869,﻿SantaFé,SantaFe
﻿san.nm.0142,﻿chapel,﻿St. Joseph's Chapel,English,,,﻿Taos,,,,,﻿NM,,﻿#REF!,﻿#REF!,﻿san.nm.0141,﻿Attended by the same clergy,,"﻿Presumably Taos, listed immediately prior",,,,,,,,,,1869,﻿SantaFé,SantaFe
﻿san.nm.0143,﻿chapel,﻿San Antonio's,English,,,﻿Taos,,,,,﻿NM,,﻿#REF!,﻿#REF!,﻿san.nm.0141,﻿Attended by the same clergy,,"﻿Presumably Taos, listed immediately prior",,,,,,,,,,1869,﻿SantaFé,SantaFe
﻿san.nm.0144,﻿chapel,﻿San Jeronimo,English,,"﻿Chapel, Indian Pueblo",﻿Taos,,,,﻿Taos Pueblo,﻿NM,,﻿#REF!,﻿#REF!,﻿san.nm.0141,﻿Attended by the same clergy,,"﻿Presumably Taos, listed immediately prior",,,,,,,,,,1869,﻿SantaFé,SantaFe
﻿san.nm.0145,﻿chapel,﻿San Francisco Church,English,,,﻿Taos,,,﻿El Rancho,﻿El Rancho,﻿NM,,﻿#REF!,﻿#REF!,﻿san.nm.0141,﻿Attended by the same clergy,,"﻿Presumably Taos, listed immediately prior",,,,,,,,,,1869,﻿SantaFé,SantaFe
﻿san.nm.0146,﻿chapel,﻿Chapel of Na. Sen. del Carmel,English,,,﻿Taos,,,﻿El Rancho,﻿El Rancho,﻿NM,,﻿#REF!,﻿#REF!,﻿san.nm.0141,﻿Attended by the same clergy,,"﻿Presumably Taos, listed immediately prior",,,,,,,,,,1869,﻿SantaFé,SantaFe
﻿san.nm.0147,﻿chapel,﻿Chapel of Na. sen.,English,,,﻿Taos,,,﻿Rio Chiquito,﻿Rio Chiquito,﻿NM,,﻿#REF!,﻿#REF!,﻿san.nm.0141,﻿Attended by the same clergy,,"﻿Presumably Taos, listed immediately prior",,,,,,,,,,1869,﻿SantaFé,SantaFe
﻿san.nm.0148,﻿chapel,not recorded,English,,﻿Chapel,﻿Taos,,,﻿Las Cordovas,﻿Taos,﻿NM,,﻿#REF!,﻿#REF!,﻿san.nm.0141,﻿Attended by the same clergy,,"﻿Presumably Taos, listed immediately prior",,,,,,,,,,1869,﻿SantaFé,SantaFe
﻿san.nm.0149,﻿chapel,not recorded,English,,﻿Chapel,﻿Taos,,,﻿El Ranchito,﻿Taos/Ranchito,﻿NM,,﻿#REF!,﻿#REF!,﻿san.nm.0141,﻿Attended by the same clergy,,"﻿Presumably Taos, listed immediately prior",,,,,,,,,,1869,﻿SantaFé,SantaFe
﻿san.nm.0150,﻿chapel,﻿Chapel of Na. Sen.,English,,,﻿Taos,,,﻿Los Luceros,﻿Los Luceros,﻿NM,,﻿#REF!,﻿#REF!,﻿san.nm.0141,﻿Attended by the same clergy,,"﻿Presumably Taos, listed immediately prior",,,,,,,,,,1869,﻿SantaFé,SantaFe
﻿san.nm.0151,﻿church,﻿Church of Na. en. de Doloress,English,,,﻿Taos,,,﻿Arroyo Hondo,﻿Arroyo Hondo,﻿NM,,﻿#REF!,﻿#REF!,﻿san.nm.0141,﻿Attended by the same clergy,,"﻿Presumably Taos, listed immediately prior",,,,,,,,,,1869,﻿SantaFé,SantaFe
﻿san.nm.0152,﻿chapel,﻿Chapel of Los St. Nombres,English,,,﻿Taos,,,﻿Plasa de Abajo,,﻿NM,,﻿#REF!,﻿#REF!,﻿san.nm.0141,﻿Attended by the same clergy,,"﻿Presumably Taos, listed immediately prior",,,,,,,,,,1869,﻿SantaFé,SantaFe
﻿san.nm.0153,﻿chapel,﻿Chapel of La SSma. Trinidad,English,,,﻿Taos,,,﻿Arroyo Seco,﻿Arroyo Seco,﻿NM,,﻿#REF!,﻿#REF!,﻿san.nm.0141,﻿Attended by the same clergy,,"﻿Presumably Taos, listed immediately prior",,,,,,,,,,1869,﻿SantaFé,SantaFe
﻿san.nm.0154,﻿chapel,not recorded,English,,﻿Chapel,﻿Taos,,,﻿San Antonio,,﻿NM,,﻿#REF!,﻿#REF!,﻿san.nm.0141,﻿Attended by the same clergy,,,,,,,,,,,,1869,﻿SantaFé,SantaFe
﻿san.nm.0155,﻿church,﻿Parish Church de la Imaculada Concepcion de N. Sen.,English,,,﻿Tome,,,﻿Tome,﻿Tome,﻿NM,,﻿#REF!,﻿#REF!,,,,,,﻿Rev.,﻿J. B. Raillère,,,,,,,1869,﻿SantaFé,SantaFe
﻿san.nm.0156,﻿chapel,﻿Sangre de Cristo,English,,,﻿Tome,,,﻿Valencia,﻿Valencia,﻿NM,,﻿#REF!,﻿#REF!,﻿san.nm.0155,﻿Attended from Tome,,,,,,,,,,,,1869,﻿SantaFé,SantaFe
﻿san.nm.0157,﻿chapel,not recorded,English,,﻿Chapel,﻿Tome,,,﻿La Ladera,﻿Chimayo,﻿NM,,﻿#REF!,﻿#REF!,﻿san.nm.0155,﻿Attended from Tome,,,,,,,,,,,,1869,﻿SantaFé,SantaFe
﻿san.nm.0158,﻿chapel,not recorded,English,,﻿Chapel,﻿Tome,,,﻿Casa Colorada,﻿Casa Colorada,﻿NM,,﻿#REF!,﻿#REF!,﻿san.nm.0155,﻿Attended from Tome,,,,,,,,,,,,1869,﻿SantaFé,SantaFe
﻿san.nm.0222,﻿church,﻿San Xavier del Bac,English,﻿fine old brick church,,,,,,,﻿AZ,,﻿#REF!,﻿#REF!,,,,,,﻿Very Rev.,﻿J. Salpointe,﻿Pastor,,,,,,1869,﻿SantaFé,SantaFe
﻿san.nm.0223,﻿church,﻿Tuscon Parish Church,English,,,,,,,,﻿AZ,,﻿#REF!,﻿#REF!,,,,,,﻿Rev.,﻿F. Boucard,﻿Pastor,,,,,,1869,﻿SantaFé,SantaFe
﻿san.nm.0224,﻿chapel,﻿Chapel of San Augustin,English,,,,,,,,﻿AZ,,﻿#REF!,﻿#REF!,,﻿Attended by the same,,,,,,,,,,,,1869,﻿SantaFé,SantaFe
﻿san.nm.0225,﻿church,not recorded,English,,,,,,﻿Prescott City,﻿Prescott City,﻿AZ,,﻿#REF!,﻿#REF!,,,,,,﻿Rev.,﻿F. Jouvenceau,﻿Pastor,,,,,,1869,﻿SantaFé,SantaFe
﻿san.nm.0225,﻿church,not recorded,English,,,,,,﻿Yuma,﻿Yuma,﻿AZ,,﻿#REF!,﻿#REF!,,﻿Attended from Prescott,,,,,,,,,,,,1869,﻿SantaFé,SantaFe
﻿tuc.az.0001,﻿church,not recorded,English,,,,,,﻿La Paz,﻿La Paz,﻿AZ,,﻿#REF!,﻿#REF!,,﻿Attended from Prescott,,,,,,,,,,,,1869,﻿SantaFé,SantaFe
﻿tuc.az.0002,﻿church,not recorded,English,,,,,,﻿Weaver,﻿Weaver,﻿AZ,,﻿#REF!,﻿#REF!,,﻿Attended from Prescott,,,,,,,,,,,,1869,﻿SantaFé,SantaFe
﻿san.nm.0159,﻿college,﻿San Miguel College,English,,,,,,,,﻿NM,,﻿#REF!,﻿#REF!,,,,,,﻿Brother,﻿Cipriano,,﻿Director,,,,,1869,﻿SantaFé,SantaFe
﻿san.nm.0159,﻿college,﻿San Miguel College,English,,,,,,,,﻿NM,,﻿#REF!,﻿#REF!,,,,,,,,,,,,,﻿Under the direction of the Christian Brothers,1869,﻿SantaFé,SantaFe
﻿san.nm.0159,﻿college,﻿San Miguel College,English,,,,,,,,﻿NM,,﻿#REF!,﻿#REF!,,,,,,,,,,,﻿pupil,﻿about 300 pupils,﻿Under the direction of the Christian Brothers,1869,﻿SantaFé,SantaFe
﻿san.nm.0160,﻿convent,﻿Convent and Academy of Our Lady of Light,English,,,,,,﻿Santa Fé,﻿Santa Fé,﻿NM,,﻿#REF!,﻿#REF!,,,,,,﻿Mother,﻿Mary Magdalen Hayden,,﻿Superior,,,,,1869,﻿SantaFé,SantaFe
﻿san.nm.0160,﻿convent,﻿Convent and Academy of Our Lady of Light,English,,,,,,﻿Santa Fé,﻿Santa Fé,﻿NM,,﻿#REF!,﻿#REF!,,,,,,,,,,,,,﻿Under the direction of the Sisters of Loretto,1869,﻿SantaFé,SantaFe
﻿san.nm.0160,﻿convent,﻿Convent and Academy of Our Lady of Light,English,,,,,,﻿Santa Fé,﻿Santa Fé,﻿NM,,﻿#REF!,﻿#REF!,,,,,,,,,,,﻿pupil,﻿about 200 pupils,﻿Under the direction of the Sisters of Loretto,1869,﻿SantaFé,SantaFe
﻿san.nm.0161,﻿hospital,﻿St. Vincent's Hospital and Orphan Asylum,English,,,,,,﻿Santa Fé,﻿Santa Fé,﻿NM,,﻿#REF!,﻿#REF!,,,,,,,,,,,,,﻿Directed by the Sisters of Charity,1869,﻿SantaFé,SantaFe
﻿san.nm.0162,﻿school,﻿Schools of Sisters of Loretto,English,,,,,,﻿Taos,﻿Taos,﻿NM,,﻿#REF!,﻿#REF!,,,,,,,,,,,,,,1869,﻿SantaFé,SantaFe
﻿san.nm.0163,﻿school,﻿Schools of Sisters of Loretto,English,,,,,,﻿Mora,﻿Mora,﻿NM,,﻿#REF!,﻿#REF!,,,,,,,,,,,,,,1869,﻿SantaFé,SantaFe
﻿san.nm.0164,﻿school,﻿Schools of Sisters of Loretto,English,,,,,,﻿Albuquerque,﻿Albuquerque,﻿NM,,﻿#REF!,﻿#REF!,,,,,,,,,,,,,,1869,﻿SantaFé,SantaFe
﻿san.nm.0165,﻿school,﻿School of the Chrisitan Brothers,English,,,,,,﻿Mora,﻿Mora,﻿NM,,﻿#REF!,﻿#REF!,,,,,,,,,,,,,,1869,﻿SantaFé,SantaFe
