instID,church_type,instName,language,instNote,placeName,region,county_orig,county_reg,city_orig,city_reg,state_orig,state_reg,latitude,longitude,attendingInstID,attendingChurch,attendingChurchFrequency,persID,persTitle,persName,persSuffix,persRole,persNote,memberType,member,affiliated,order,year,attendingPersID,attendingChurchNote,diocese,diocese_reg
﻿vin.in.0001,﻿cathedral,﻿St. Francis Xavier's Cathedral,English,,,,﻿Knox County,,﻿Vincennes,﻿Vincennes,﻿IN,,38.67902364,-87.5341505,,,,﻿mau_d_palais_001,﻿Rt. Rev.,﻿Maurice de St. Palais,﻿D.D.,,,,,,,1865,﻿,﻿,﻿Vincennes,Vincennes
﻿vin.in.0001,﻿cathedral,﻿St. Francis Xavier's Cathedral,English,,,,﻿Knox County,,﻿Vincennes,﻿Vincennes,﻿IN,,38.67902364,-87.5341505,,,,﻿e_audran_001,﻿Rev.,﻿Ernest Audran,,,,,,,,1865,﻿,﻿,﻿Vincennes,Vincennes
﻿vin.in.0002,﻿church,﻿St. John the Baptist,﻿German,,,,﻿Knox County,,﻿Vincennes,﻿Vincennes,﻿IN,,38.677269,-87.5286325,,,,﻿aeg_merz_001,﻿Rev.,﻿A. E. Mertz,,,,,,,,1865,﻿,﻿,﻿Vincennes,Vincennes
﻿vin.in.0004,﻿church,not recorded,English,,,,﻿Marion County,,﻿Augusta,﻿Pike Township,﻿IN,,39.8817723,-86.2598229,﻿vin.in.0064,﻿Attended from Indianapolis,,,,,,,,,,,,1865,﻿,﻿,﻿Vincennes,Vincennes
﻿vin.in.0005,﻿church,﻿Immaculate Conception,English,,,,﻿Dearborn County,,﻿Aurora,﻿Aurora,﻿IN,,39.0570022,-84.9013402,,,,﻿j_klein_001,﻿Rev.,﻿J. Klein,,,,,,,,1865,﻿,﻿,﻿Vincennes,Vincennes
﻿vin.in.0016,﻿church,﻿St. Michael's,English,,,,﻿Franklin County,,﻿Brookville,﻿Brookville,﻿IN,,39.4168087,-85.0130729,,,,﻿j_h_ostlangenberg_001,﻿Rev.,﻿J. H. Ostlangenberg,,,,,,,,1865,﻿,﻿,﻿Vincennes,Vincennes
﻿vin.in.0011,﻿church,﻿St. Patrick's,English,,,,﻿Vanderburg County,,﻿Blue Grass,﻿Evansville,﻿IN,,37.9524318,-87.4936936,﻿vin.in.0036,﻿Attended from Evansville,,,,,,,,,,,,1865,﻿,﻿,﻿Vincennes,Vincennes
﻿vin.in.0013,﻿church,﻿St. Benedict's,English,,,,﻿Warwick County,,﻿Booneville,﻿Boonville,﻿IN,,38.0492131,-87.2741723,﻿vin.in.0176,﻿Attended from St. Meinrad's,,,,,,,,,,,,1865,﻿,﻿,﻿Vincennes,Vincennes
﻿vin.in.0018,﻿church,﻿St. James,English,,﻿(Six Miles P.O.),,﻿Jennings County,,﻿Buena Vista,﻿Four Corners,﻿IN,,38.9914998,-85.684578,,,,﻿j_stolz_001,﻿Rev.,﻿Stolz,,,,,,,,1865,﻿,﻿,﻿Vincennes,Vincennes
﻿vin.in.0020,﻿church,﻿St. Elizabeth's,English,,,,﻿Wayne County,,﻿Cambridge City,﻿Cambridge City,﻿IN,,39.8125465,-85.1716315,,,,﻿jos_oreyley_001,﻿Rev.,﻿Joseph O'Reyley,,,,,,,,1865,﻿,﻿,﻿Vincennes,Vincennes
﻿vin.in.0022,﻿church,﻿St. Michael's,﻿German,,,,﻿Perry County,,﻿Cannelton,﻿Cannelton,﻿IN,,37.913264,-86.7411809,,,,﻿p_wagner_001,﻿Rev.,﻿P. Wagner,,,,,,,,1865,﻿,﻿,﻿Vincennes,Vincennes
﻿vin.in.0021,﻿church,﻿St. Patrick's,English,,,,﻿Perry County,,﻿Cannelton,﻿Cannelton,﻿IN,,37.9114446,-86.7444321,,,,﻿p_wagner_001,﻿Rev.,﻿P. Wagner,,,,,,,,1865,﻿,﻿,﻿Vincennes,Vincennes
﻿vin.in.0024,﻿church,﻿St. John the Baptist,English,,,,﻿Perry County,,﻿Cassidy's Settlement,﻿Leopold,﻿IN,,38.1095739,-86.6107106,﻿vin.in.0076,﻿Attended from Leopold,,,,,,,,,,,,1865,﻿,﻿,﻿Vincennes,Vincennes
﻿vin.in.0028,﻿church,not recorded,English,,,,﻿Clarke County,﻿Clark County,﻿Charleston,﻿Charlestown,﻿IN,,38.45312,-85.6702406,﻿vin.in.0081,﻿Attended from Madison,,,,,,,,,,,,1865,﻿,﻿,﻿Vincennes,Vincennes
﻿vin.in.0025,﻿church,﻿St. Celestine,English,,,,﻿Dubois County,,﻿Celestine,﻿Celestine,﻿IN,,38.38303,-86.77654,﻿vin.in.0255,﻿Attended from St. Anthony's,﻿Dubois County,,,,,,,,,,,1865,﻿,﻿,﻿Vincennes,Vincennes
﻿vin.in.0030,﻿church,﻿St. Bartholomew's,English,,,,﻿Bartholomew County,,﻿Columbus,﻿Columbus,﻿IN,,39.2291885,-85.9117508,﻿vin.in.0064,﻿Attended from Indianapolis,,,,,,,,,,,,1865,﻿,﻿,﻿Vincennes,Vincennes
﻿vin.in.0031,﻿church,﻿St. Gabriel's,English,,,,﻿Fayette County,,﻿Connersville,﻿Connersville,﻿IN,,39.6467157,-85.137988,,,,﻿h_peters_001,﻿Rev.,﻿H. Peters,,,,,,,,1865,﻿,﻿,﻿Vincennes,Vincennes
﻿vin.in.0032,﻿church,﻿St. Mary's of the River,English,,,,﻿Perry County,,﻿Derby,﻿Derby,﻿IN,,38.0159043,-86.6611083,﻿vin.in.0076,﻿Attended from Leopold,,,,,,,,,,,,1865,﻿,﻿,﻿Vincennes,Vincennes
﻿vin.in.0035,﻿church,﻿St. John's,English,,,,﻿Franklin County,,﻿Enochsburgh,﻿Enochsburg,﻿IN,,39.4233977,-85.0649071,,,,﻿p_l_oosterling_001,﻿Rev.,﻿L. Osterling,﻿O.S.F.,,,,,,,1865,﻿,﻿,﻿Vincennes,Vincennes
﻿vin.in.0036,﻿church,﻿Assumption,English,,,,﻿Vanderburgh County,,﻿Evansville,﻿Evansville,﻿IN,,37.9715592,-87.5710898,,,,﻿p_mcdermott_001,﻿Rev.,﻿P. McDermott,,,,,,,,1865,﻿,﻿,﻿Vincennes,Vincennes
﻿vin.in.0037,﻿church,﻿Holy Trinity,﻿German,,,,﻿Vanderburgh County,,﻿Evansville,﻿Evansville,﻿IN,,37.9875213,-87.5370938,,,,﻿f_kutassi_001,﻿Rev.,﻿F. Kutassi,,,,,,,,1865,﻿,﻿,﻿Vincennes,Vincennes
﻿vin.in.0040,﻿church,﻿St. Rose,English,,,,﻿Knox County,,﻿Faux Chenal,﻿Vincennes,﻿IN,,38.677269,-87.5286325,﻿vin.in.0001,﻿Attended from Vincennes,,,,,,,﻿of the Diocese of Alton,,,,,1865,﻿,﻿,﻿Vincennes,Vincennes
﻿vin.in.0041,﻿church,﻿St. Ferdinand,English,,,,﻿Dubois County,,﻿Ferdinand,﻿Ferdinand,﻿IN,,38.2233116,-86.8606467,,,,﻿f_wolfkamp_001,﻿Rev. F. Wolfkamp,﻿F. Wolfkamp,﻿O.S.B,,,,,,,1865,﻿,﻿,﻿Vincennes,Vincennes
﻿vin.in.0047,﻿church,﻿St. Boniface's,English,,,,﻿Spencer County,,﻿Fulda,﻿Fulda,﻿IN,,38.111421,-86.835678,﻿vin.in.0150,﻿Attended from St. Meinrad,,,,,,,,,,,,1865,﻿,﻿,﻿Vincennes,Vincennes
﻿vin.in.0045,﻿church,not recorded,English,,,,﻿Johnson County,,﻿Franklin,﻿Franklin,﻿IN,,39.482654,-86.0773996,﻿vin.in.0064,﻿Attended from Indianapolis,,,,,,,,,,,,1865,﻿,﻿,﻿Vincennes,Vincennes
﻿vin.in.0046,﻿church,﻿St. Ann's,English,,,,﻿Spencer County,,﻿French Island,﻿Rockport,﻿IN,,37.8831055,-87.0494408,﻿vin.in.0150,﻿Attended from St. Meinrad,,,,,,,,,,,,1865,﻿,﻿,﻿Vincennes,Vincennes
﻿vin.in.0050,﻿church,﻿St. Benedict's,English,,,,﻿Putnam County,,﻿Greencastle,﻿Greencastle,﻿IN,,39.6444898,-86.8647316,﻿for.in.0030,"﻿Attended from Crawfordsville, Montgomery County",,,,,,,,,,,,1865,﻿,﻿,﻿Vincennes,Vincennes
﻿vin.in.0054,﻿church,not recorded,English,,,,﻿Floyd County,,﻿Greenville,﻿Greenville,﻿IN,,38.3725644,-85.9863593,﻿vin.in.0138,"﻿Attended from St. John's, Clark County",,,,,,,,,,,,1865,﻿,﻿,﻿Vincennes,Vincennes
﻿vin.in.0052,﻿church,not recorded,English,,,,﻿Hancock County,,﻿Greenfield,﻿Greenfield,﻿IN,,39.785043,-85.7694226,﻿vin.in.0064,﻿Attended from Indianapolis,,,,,,,,,,,,1865,﻿,﻿,﻿Vincennes,Vincennes
﻿vin.in.0056,﻿church,not recorded,English,,,,﻿Wayne County,,﻿Hagerstown,﻿Hagerstown,﻿IN,,39.9111576,-85.1616315,﻿vin.in.0118,﻿Attended from Richmond,﻿St. Mary's historically listed first,,,,,,,,,,,1865,﻿,﻿,﻿Vincennes,Vincennes
﻿vin.in.0060,﻿church,not recorded,English,,,,﻿Clark County,﻿Clark County,﻿Henryville,﻿Henryville,﻿IN,,38.5417282,-85.7677438,﻿vin.in.0071,﻿Attended from Jeffersonville,,,,,,,,,,,,1865,﻿,﻿,﻿Vincennes,Vincennes
﻿vin.in.0063,﻿church,﻿Visitation of V. B.,English,,,,﻿Dubois County,,﻿Huntingburgh,﻿Huntingburg,﻿IN,,38.2989422,-86.9549971,﻿vin.in.0041,﻿Attended from Ferdinand,,,,,,,,,,,,1865,﻿,﻿,﻿Vincennes,Vincennes
﻿vin.in.0064,﻿church,﻿St. John's,English,﻿(new church building),,,﻿Marion County,,﻿Indianapolis,﻿Indianapolis,﻿IN,,39.7418127,-86.3191696,,,,﻿aug_bessonies_001,﻿Rev.,﻿Aug. Bessonies,,,,,,,,1865,﻿,﻿,﻿Vincennes,Vincennes
﻿vin.in.0064,﻿church,﻿St. John's,English,﻿(new church building),,,﻿Marion County,,﻿Indianapolis,﻿Indianapolis,﻿IN,,39.7418127,-86.3191696,,,,﻿f_gouesse_001,﻿Rev.,﻿F. Gouesse,,,,,,,,1865,﻿,﻿,﻿Vincennes,Vincennes
﻿vin.in.0064,﻿church,﻿St. John's,English,﻿(new church building),,,﻿Marion County,,﻿Indianapolis,﻿Indianapolis,﻿IN,,39.7418127,-86.3191696,,,,﻿jos_petit_001,﻿Rev.,﻿Jos. Petit,,,,,,,,1865,﻿,﻿,﻿Vincennes,Vincennes
﻿vin.in.0065,﻿church,﻿St. Mary's,﻿German,,,,﻿Marion County,,﻿Indianapolis,﻿Indianapolis,﻿IN,,39.7722957,-86.1503145,,,,﻿s_siegrist_001,﻿Rev.,﻿S. Siegrist,,,,,,,,1865,﻿,﻿,﻿Vincennes,Vincennes
﻿vin.in.0065,﻿church,﻿St. Mary's,﻿German,,,,﻿Marion County,,﻿Indianapolis,﻿Indianapolis,﻿IN,,39.7722957,-86.1503145,,,,﻿j_weisemberger_001,﻿Rev.,﻿J. Weisemberger,,,,,,,,1865,﻿,﻿,﻿Vincennes,Vincennes
﻿vin.in.0067,﻿church,not recorded,English,,,,﻿Ripley County,,﻿Indian Kentuck,﻿Madison,﻿IN,,38.7751543,-85.4788065,﻿vin.in.0081,﻿Attended from Madison,,,,,,,,,,,,1865,﻿,﻿,﻿Vincennes,Vincennes
﻿vin.in.0069,﻿church,﻿St. Joseph's,English,,,,﻿Dubois County,,﻿Jasper,﻿Jasper,﻿IN,,38.3956333,-86.9326778,,,,﻿ulr_christen_001,﻿Rev.,﻿Ulric Christen,﻿O.S.B.,,,,,,,1865,﻿,﻿,﻿Vincennes,Vincennes
﻿vin.in.0071,﻿church,﻿St. Anthony's,﻿German,,,,﻿Clarke County,﻿Clark County,﻿Jeffersonville,﻿Jeffersonville,﻿IN,,38.2775702,-85.7371847,,,,﻿j_michael_001,﻿Rev.,﻿J. Michael,,,,,,,,1865,﻿,﻿,﻿Vincennes,Vincennes
﻿vin.in.0217,﻿church,﻿Assumption,English,,,,﻿Floyd County,,﻿Knobs,,,,,,,,,﻿g_ginsz_001,﻿Rev.,﻿G. Gintz,,,﻿(Floyd's Knob P.O.),,,,,1865,﻿,﻿,﻿Vincennes,Vincennes
﻿vin.in.0072,﻿church,not recorded,English,,,,﻿Henry County,,﻿Knightstown,﻿Knightstown,﻿IN,,39.7956007,-85.5263629,﻿vin.in.0020,﻿Attended from Cambridge City,,,,,,,,,,,,1865,﻿,﻿,﻿Vincennes,Vincennes
﻿vin.in.0073,﻿church,﻿St. Mary's,English,,,,﻿Harrison County,,﻿Lanesville,﻿Lanesville,﻿IN,,38.2365395,-85.9819318,,,,﻿alp_munschina_001,﻿Rev.,﻿A. Munschina,,,,,,,,1865,﻿,﻿,﻿Vincennes,Vincennes
﻿vin.in.0075,﻿church,﻿St. Lawrence's,English,,,,﻿Dearborn County,,﻿Lawrenceburgh,﻿Lawrenceburg,﻿IN,,39.090891,-84.8499504,﻿vin.in.0005,﻿Attended from Aurora,,,,,,,,,,,,1865,﻿,﻿,﻿Vincennes,Vincennes
﻿vin.in.0076,﻿church,﻿St. Augustine's,English,,,,﻿Perry County,,﻿Leopold,﻿Leopold,﻿IN,,38.0159043,-86.6611083,,,,﻿j_dion_001,﻿Rev.,﻿J. Dion,,,,,,,,1865,﻿,﻿,﻿Vincennes,Vincennes
﻿vin.in.0080,﻿church,﻿St. John's,English,,,,﻿Martin County,,﻿Loogootee,﻿Loogootee,﻿IN,,38.677249,-86.915538,,,,﻿lou_gueguen_001,﻿Rev.,﻿L. Gueguen,,,,,,,,1865,﻿,﻿,﻿Vincennes,Vincennes
﻿vin.in.0081,﻿church,﻿St. Michael's,English,,,,﻿Jefferson County,,﻿Madison,﻿Madison,﻿IN,,38.7351192,-85.3730019,,,,﻿h_dupontavice_001,﻿Very Rev.,﻿H. Dupontavice,,﻿Vicar-General,,,,,,1865,﻿,﻿,﻿Vincennes,Vincennes
﻿vin.in.0081,﻿church,﻿St. Michael's,English,,,,﻿Jefferson County,,﻿Madison,﻿Madison,﻿IN,,38.7351192,-85.3730019,,,,﻿w_doyle_001,﻿Rev.,﻿W. Doyle,,,,,,,,1865,﻿,﻿,﻿Vincennes,Vincennes
﻿vin.in.0216,﻿church,﻿St. Mary's,English,,,,﻿Jefferson County,,﻿Madison,﻿Madison,﻿IN,,38.73536123,-85.37487305,,,,﻿l_brandt_001,﻿Rev.,﻿L. Brandt,,,,,,,,1865,﻿,﻿,﻿Vincennes,Vincennes
﻿vin.in.0082,﻿church,﻿St. Patrick's,English,,﻿North Madison,,﻿Jefferson County,,﻿Madison,﻿Madison,﻿IN,,38.767837,-85.396625,﻿vin.in.0216,﻿Attended from South Madison,,,,,,,,,,,,1865,﻿,﻿,﻿Vincennes,Vincennes
﻿vin.in.0218,﻿church,﻿St. John's,English,,,,﻿Dearborn County,,"﻿Mackenzie's Cross-Roads, (Dover)",,,,,,﻿vin.in.0141,﻿Attended from St. Joseph's,,,,,,,,,,,,1865,﻿,﻿,﻿Vincennes,Vincennes
﻿vin.in.0219,﻿church,﻿St. Thomas',English,,,,﻿Warwick County,,﻿McLoughlin's Settlement,,,,,,﻿vin.in.0150,﻿Attended from St. Meinrad Convent,,,,,,,,,,,,1865,﻿,﻿,﻿Vincennes,Vincennes
﻿vin.in.0083,﻿church,﻿St. Mary's,English,,,,﻿Spencer County,,﻿Mariahill,﻿Mariah Hill,﻿IN,,38.1653316,-86.9247169,﻿vin.in.0150,﻿Attended from St. Meinrad Convent,,,,,,,,,,,,1865,﻿,﻿,﻿Vincennes,Vincennes
﻿vin.in.0084,﻿church,﻿St. Columban's,English,,,,﻿Morgan County,,﻿Martinsville,﻿Martinsville,﻿IN,,39.4278253,-86.4283279,﻿vin.in.0064,﻿Attended from Indianapolis,,,,,,,,,,,,1865,﻿,﻿,﻿Vincennes,Vincennes
﻿vin.in.0087,﻿church,﻿St. Joseph's,English,,,,﻿Martin County,,﻿Miles Settlement,﻿Crane,﻿IN,,38.7020241,-87.1422895,﻿vin.in.0080,﻿Attended from Loogootee,,,,,,,,,,,,1865,﻿,﻿,﻿Vincennes,Vincennes
﻿vin.in.0234,﻿church,﻿St. Michael's,English,,,,﻿Harrison County,,﻿Miller's Settlement,,,,,,﻿vin.in.0073,﻿Attended from Lanesville,,,,,,,,,,,,1865,﻿,﻿,﻿Vincennes,Vincennes
﻿vin.in.0089,﻿church,﻿Nativity B.V.M.,English,,,,﻿Vigo County,,﻿Montezuma,﻿Montezuma,﻿IN,,39.7928162,-87.3708496,﻿vin.in.0164,﻿Attended from Terre Haute,,,,,,,,,,,,1865,﻿,﻿,﻿Vincennes,Vincennes
﻿vin.in.0093,﻿church,﻿St. Martin's,English,,,,﻿Martin County,,﻿Mount Pleasant,﻿Mount Pleasant,﻿IN,,38.651944,-86.892222,﻿vin.in.0080,﻿Attended from Loogootee,,,,,,,,,,,,1865,﻿,﻿,﻿Vincennes,Vincennes
﻿vin.in.0094,﻿church,not recorded,English,,,,﻿Posey County,,﻿Mount Vernon,﻿Mount Vernon,﻿IN,,37.9329795,-87.893608,﻿vin.in.0001,﻿Attended from Vincennes,,,,,,,,,,,,1865,﻿,﻿,﻿Vincennes,Vincennes
﻿vin.in.0095,﻿church,﻿St. Boniface's,English,,,,﻿Decatur County,,﻿Muhlhausen,﻿Milhousen,﻿IN,,39.2106073,-85.432467,,,,﻿f_hundt_001,﻿Rev.,﻿Hundt,,,,,,,,1865,﻿,﻿,﻿Vincennes,Vincennes
﻿vin.in.0096,﻿church,﻿St. Maurice,English,,,,﻿Ripley County,,﻿Napoleon,﻿Napoleon,,,39.2047211,-85.3275165,﻿vin.in.0095,﻿Attended from Muhlausen,,,,,,,,,,,,1865,﻿,﻿,﻿Vincennes,Vincennes
﻿vin.in.0100,﻿church,﻿St. Paul's,English,,,,﻿Dearborn County,,﻿New-Alsace,﻿New Alsace,﻿IN,,39.2339422,-85.0030126,,,,﻿r_weinzoepflen_001,﻿Rev.,﻿R. Weinzoepflen,,,,,,,,1865,﻿,﻿,﻿Vincennes,Vincennes
﻿vin.in.0101,﻿church,not recorded,English,,,,﻿Green County,,﻿New-Berry,﻿Newberry,﻿IN,,38.9250467,-87.0194525,﻿vin.in.0171,﻿Attended from Washington,,,,,,,,,,,,1865,﻿,﻿,﻿Vincennes,Vincennes
﻿vin.in.0098,﻿church,﻿Holy Trinity,English,,,,﻿Floyd County,,﻿New-Albany,﻿New Albany,﻿IN,,38.2856247,-85.8241312,,,,﻿j_mougin_001,﻿Rev.,﻿J. Mougin,,,,,,,,1865,﻿,﻿,﻿Vincennes,Vincennes
﻿vin.in.0099,﻿church,﻿Annunciation,﻿German,,,,﻿Floyd County,,﻿New-Albany,﻿New Albany,﻿IN,,38.2856247,-85.8241312,,,,﻿e_fuller_001,﻿Rev.,﻿E. Fuller,,,,,,,,1865,﻿,﻿,﻿Vincennes,Vincennes
﻿vin.in.0102,﻿church,﻿St. John Crysostome's,English,,,,﻿Spencer County,,﻿New Boston,﻿New Boston,﻿IN,,38.0590813,-86.8107822,﻿vin.in.0150,﻿Attended from St. Meinrad,,,,,,,,,,,,1865,﻿,﻿,﻿Vincennes,Vincennes
﻿vin.in.0103,﻿church,﻿St. Francis Xavier,English,,,,﻿Warwick County,,﻿Newburgh,﻿Newburgh,﻿IN,,37.9509207,-87.4137098,﻿vin.in.0150,﻿Attended from St. Meinrad,,,,,,,,,,,,1865,﻿,﻿,﻿Vincennes,Vincennes
﻿vin.in.0104,﻿church,not recorded,English,,,,﻿Henry County,,﻿Newcastle,﻿New Castle,﻿IN,,39.928935,-85.3702476,﻿vin.in.0118,﻿Attended from Richmond,﻿St. Mary's historically listed first,,,,,,,,,,,1865,﻿,﻿,﻿Vincennes,Vincennes
﻿vin.in.0107,﻿church,﻿St. Francis Sales,English,,,,﻿Perry County,,﻿Oil Creek,,﻿IN,,38.123004,-86.5594,﻿vin.in.0076,﻿Attended from Leopold,,,,,,,,,,,,1865,﻿,﻿,﻿Vincennes,Vincennes
﻿vin.in.0108,﻿church,﻿Immaculate Conception,English,"﻿Batesville, Franklik County P.O.",,,﻿Franklin County,,﻿Oldenburgh,﻿Oldenburg,﻿IN,,39.3403788,-85.203707,,,,﻿f_j_rudolf_001,﻿Rev.,﻿F. J. Rudolf,,,,,,,,1865,﻿,﻿,﻿Vincennes,Vincennes
﻿vin.in.0108,﻿church,﻿Immaculate Conception,English,"﻿Batesville, Franklik County P.O.",,,﻿Franklin County,,﻿Oldenburgh,﻿Oldenburg,﻿IN,,39.3403788,-85.203707,,,,﻿p_j_waeber_001,﻿Rev.,﻿P. J. Waeber,,,,,,,,1865,﻿,﻿,﻿Vincennes,Vincennes
﻿vin.in.0220,﻿church,﻿St. Stephen's,English,,,,﻿Perry County,,﻿Paderborn,,,,,,﻿vin.in.0150,﻿Attended from St. Meinrad's,,,,,,,,,,,,1865,﻿,﻿,﻿Vincennes,Vincennes
﻿vin.in.0221,﻿church,not recorded,English,,,,﻿Switzerland County,,﻿Patriot,,,,,,﻿vin.in.0005,﻿Attended from Aurora,,,,,,,,,,,,1865,﻿,﻿,﻿Vincennes,Vincennes
﻿vin.in.0222,﻿church,﻿St. Nicholas',English,,,,﻿Ripley County (Spades P.O.),,﻿Pipe Creek,,,,,,,,,﻿j_fredinger_001,﻿Rev.,﻿J. Fredinger,,,,,,,,1865,﻿,﻿,﻿Vincennes,Vincennes
﻿vin.in.0110,﻿church,not recorded,English,,,,﻿Pike County,,﻿Petersburgh,﻿Petersburg,﻿IN,,38.4919935,-87.2786244,﻿vin.in.0171,﻿Attended from Washington,,,,,,,,,,,,1865,﻿,﻿,﻿Vincennes,Vincennes
﻿vin.in.0115,﻿church,﻿St. Thomas',English,,,,﻿Knox County,,﻿Queret's Prairie,﻿Halterville,﻿IN,,38.586111,-87.562222,﻿vin.in.0232,﻿Attended from Vincennes,,,,,,,,,,,,1865,﻿,﻿,﻿Vincennes,Vincennes
﻿vin.in.0119,﻿church,﻿St. Andrew's,English,,,,﻿Wayne County,,﻿Richmond,﻿Richmond,﻿IN,,39.8289369,-84.8902382,,,,﻿b_h_sepe_001,﻿Rev.,﻿B. H. Sepe,,,,,,,,1865,﻿,﻿,﻿Vincennes,Vincennes
﻿vin.in.0118,﻿church,﻿St. Mary's,English,,,,﻿Wayne County,,﻿Richmond,﻿Richmond,﻿IN,,39.831092,-84.892174,,,,﻿j_m_villars_001,﻿Rev.,﻿J. M. Villars,,,,,,,,1865,﻿,﻿,﻿Vincennes,Vincennes
﻿vin.in.0120,﻿church,﻿St. Bernard's,English,,,,﻿Spencer County,,﻿Rockport,﻿Rockport,﻿IN,,37.8831055,-87.0494408,﻿vin.in.0150,﻿Attended from St. Meinrad's,,,,,,,,,,,,1865,﻿,﻿,﻿Vincennes,Vincennes
﻿vin.in.0123,﻿church,﻿St. Raphael's,English,,,,﻿Rush County,,﻿Rushville,﻿Rushville,﻿IN,,39.6092137,-85.4463594,﻿vin.in.0031,﻿Attended from Connersville,,,,,,,,,,,,1865,﻿,﻿,﻿Vincennes,Vincennes
﻿vin.in.0125,﻿church,﻿St. Patrick's,English,,,,﻿Jennings County,,﻿Scipio,﻿Scipio,﻿IN,,39.078988,-85.7188168,﻿vin.in.0018,﻿Attended from Buena Vista,,,,,,,,,,,,1865,﻿,﻿,﻿Vincennes,Vincennes
﻿vin.in.0124,﻿church,﻿St. Mary's,English,﻿Brick church,,,﻿Washington County,,﻿Salem,﻿Salem,﻿IN,,38.6744747,-86.1751759,﻿vin.in.0126,﻿Attended from Seymour,,,,,,,,,,,,1865,﻿,﻿,﻿Vincennes,Vincennes
﻿vin.in.0126,﻿church,﻿St. Ambrose,English,,,,﻿Jackson County,,﻿Seymour,﻿Seymour,﻿IN,,38.9550509,-85.8885116,,,,﻿phi_doyle_001,﻿Rev.,﻿Ph. Doyle,,,,,,,,1865,﻿,﻿,﻿Vincennes,Vincennes
﻿vin.in.0131,﻿church,﻿St. Ann's,English,﻿Tripton P. O.,,,﻿Jennings County,,,,﻿IN,,38.9914998,-85.684578,,,,﻿j_m_missi_001,﻿Rev.,﻿M. Missi,,,,,,,,1865,﻿,﻿,﻿Vincennes,Vincennes
﻿vin.in.0225,﻿church,﻿St. Anthony's,English,,,,﻿Franklin County,,﻿Springfield,,,,,,﻿vin.in.0108,﻿Attended from Oldenburgh,,,,,,,,,,,,1865,﻿,﻿,﻿Vincennes,Vincennes
﻿vin.in.0133,﻿church,﻿St. Bernard's,English,,,,﻿Harrison County,,,,﻿IN,,38.1701136,-86.1751759,﻿vin.in.0217,﻿Attended from the Knobs,,,,,,,,,,,,1865,﻿,﻿,﻿Vincennes,Vincennes
﻿vin.in.0134,﻿church,﻿St. Catharine's,English,,,,﻿Jennings County,,,,﻿IN,,38.9914998,-85.684578,﻿vin.in.0018,﻿Attended from Buena Vista,,,,,,,,,,,,1865,﻿,﻿,﻿Vincennes,Vincennes
﻿vin.in.0235,﻿church,﻿St. Henry's,English,,,,﻿Dubois County,,,,,,,,﻿vin.in.0150,﻿Attended from St. Meinrad's,,,,,,,,,,,,1865,﻿,﻿,﻿Vincennes,Vincennes
﻿vin.in.0136,﻿church,﻿St. James,English,﻿Haubstadt P. O.,,,﻿Gibson County,,,,﻿IN,,38.3338249,-87.5791287,,,,﻿f_peppersack_001,﻿Rev.,﻿F. Peppersack,,,,,,,,1865,﻿,﻿,﻿Vincennes,Vincennes
﻿vin.in.0139,﻿church,﻿St. Joseph's,English,﻿vacant,,,﻿Clarke County,﻿Clark County,,,﻿IN,,38.4492903,-85.7256372,,,,,,,,,,,,,,1865,﻿,﻿,﻿Vincennes,Vincennes
﻿vin.in.0140,﻿church,﻿St. Joseph's,English,,,,﻿Crawford County,,,,﻿IN,,38.3054548,-86.4592091,﻿vin.in.0217,﻿Attended from Knobs,,,,,,,,,,,,1865,﻿,﻿,﻿Vincennes,Vincennes
﻿vin.in.0141,﻿church,﻿St. Joseph's,English,,﻿St. Leon's P.O.,,﻿Dearborn County,,,,﻿IN,,39.2929846,-84.9578416,,,,﻿ant_scheideler_001,﻿Rev.,﻿Anthony Scheideler,,,,,,,,1865,﻿,﻿,﻿Vincennes,Vincennes
﻿vin.in.0142,﻿church,﻿St. Joseph's,English,,﻿Evansville P.O.,,﻿Vanderburgh County,,,,﻿IN,,37.9768774,-87.6006372,,,,﻿j_b_merl_001,﻿Rev.,﻿J. B. Merl,,,,,,,,1865,﻿,﻿,﻿Vincennes,Vincennes
﻿vin.in.0144,﻿church,﻿St. Martin's,English,,,,﻿Perry County,,,,﻿IN,,38.0159043,-86.6611083,﻿vin.in.0150,﻿Attended from St. Meinrad,,,,,,,,,,,,1865,﻿,﻿,﻿Vincennes,Vincennes
﻿vin.in.0145,﻿church,﻿St. Mary's,English,,﻿Loogootee P.O.,,﻿Daviess County,,,,﻿IN,,38.7020241,-87.1422895,﻿vin.in.0080,﻿Attended from Loogootee,,,,,,,,,,,,1865,﻿,﻿,﻿Vincennes,Vincennes
﻿vin.in.0147,﻿church,﻿St. Mary's of the Rocks,English,,﻿Haymond P.O.,,﻿Franklin County,,,,﻿IN,,39.3488118,-85.10851706,﻿vin.in.0154,"﻿Attended from St. Peter's, Franklin County",,,,,,,,,,,,1865,﻿,﻿,﻿Vincennes,Vincennes
﻿vin.in.0148,﻿church,﻿St. Mary's of the Woods,English,,﻿Mother-House of Sisters of Providence,,﻿Vigo County,,,,﻿IN,,39.5107254,-87.4669729,﻿vin.in.0164,﻿Attended from Terre Haute,,,,,,,,,,,,1865,﻿,﻿,﻿Vincennes,Vincennes
﻿vin.in.0143,﻿church,﻿St. Magdalen's,English,,﻿Madison P. O.,,﻿Ripley County,,,,﻿IN,,39.007555,-85.3588496,﻿vin.in.0131,﻿Attended from St. Ann's,,,,,,,,,,,,1865,﻿,﻿,﻿Vincennes,Vincennes
﻿vin.in.0150,﻿church,﻿St. Meinrad,English,,,,﻿Spencer County,,,,﻿IN,,38.1710794,-86.8091951,,,,﻿isi_hobi_001,﻿Very Rev.,﻿Isidore Hobi,﻿O.S.B.,,,,,,,1865,﻿,﻿,﻿Vincennes,Vincennes
﻿vin.in.0154,﻿church,﻿St. Peter's,English,,,,﻿Franklin County,,,,﻿IN,,39.321667,-85.031667,,,,﻿geo_odiscar_001,﻿Rev.,﻿Geo. Odiscar,﻿O.S.F.,,,,,,,1865,﻿,﻿,﻿Vincennes,Vincennes
﻿vin.in.0227,﻿church,﻿St. Peter's,English,,﻿Montgomery Station P.O.,,﻿Daviess County,,,,,,,,,,,﻿bar_piers_001,﻿Rev.,﻿B. Piers,,,,,,,,1865,﻿,﻿,﻿Vincennes,Vincennes
﻿vin.in.0152,﻿church,﻿St. Patrick's,English,,,,﻿Daviess County,,,,﻿IN,,38.7020241,-87.1422895,﻿vin.in.0227,﻿Attended from St. Peter's,,,,,,,,,,,,1865,﻿,﻿,﻿Vincennes,Vincennes
﻿vin.in.0157,﻿church,﻿St. Philip's,English,,﻿Evansville P.O.,,﻿Posey County,,,,﻿IN,,38.0069266,-87.7167926,,﻿Attended from St. Joseph's,,,,,,,,,,,,1865,﻿,﻿,﻿Vincennes,Vincennes
﻿vin.in.0229,﻿church,﻿St. Vincent's,English,,﻿Prescott P.O.,,﻿Shelby County,,,,,,,,,,,﻿p_j_gillig_001,﻿Rev.,﻿P. J. Gillig,,,,,,,,1865,﻿,﻿,﻿Vincennes,Vincennes
﻿vin.in.0159,﻿church,﻿St. Wendel's,English,,,,,﻿Posey County,,,﻿IN,,38.1092728,-87.7023453,,,,﻿j_kaufman_001,﻿Rev.,﻿J. Kaufman,,,,,,,,1865,﻿,﻿,﻿Vincennes,Vincennes
﻿vin.in.0162,﻿church,﻿St. Thomas',English,,,,,﻿Warwick County,﻿Taylorsville,﻿Selvin,﻿IN,,38.2042178,-87.1061123,﻿vin.in.0150,﻿Attended from St. Meinrad,,,,,,,,,,,,1865,﻿,﻿,﻿Vincennes,Vincennes
﻿vin.in.0164,﻿church,﻿St. Joseph's,English,,,,,﻿Vigo County,﻿Terre Haute,﻿Terre Haute,﻿IN,,39.4809681,-87.4140641,,,,﻿b_oconner_001,﻿Rev.,﻿B. O'Conner,﻿O.S.B.,,,,,,,1865,﻿,﻿,﻿Vincennes,Vincennes
﻿vin.in.0164,﻿church,﻿St. Joseph's,English,,,,,﻿Vigo County,﻿Terre Haute,﻿Terre Haute,﻿IN,,39.4809681,-87.4140641,,,,﻿joh_c_foffa_001,﻿Rev.,﻿C. Foffa,﻿O.S.B.,,,,,,,1865,﻿,﻿,﻿Vincennes,Vincennes
﻿vin.in.0164,﻿church,﻿St. Joseph's,English,,,,,﻿Vigo County,﻿Terre Haute,﻿Terre Haute,﻿IN,,39.4809681,-87.4140641,,,,﻿fin_mundwiler_001,﻿Rev.,﻿F. Mundwiller,﻿O.S.B.,,,,,,,1865,﻿,﻿,﻿Vincennes,Vincennes
﻿vin.in.0164,﻿church,﻿St. Joseph's,English,,,,,﻿Vigo County,﻿Terre Haute,﻿Terre Haute,﻿IN,,39.4809681,-87.4140641,,,,﻿m_mccarthy_001,﻿Rev.,﻿M. McCarthy,﻿O.S.B.,,,,,,,1865,﻿,﻿,﻿Vincennes,Vincennes
﻿vin.in.0163,﻿church,﻿St. Paul's,English,,,,,﻿Perry County,﻿Tell City,﻿Tell City,﻿IN,,37.9525145,-86.7694421,﻿vin.in.0150,﻿Attended from St. Meinrad,,,,,,,,,,,,1865,﻿,﻿,﻿Vincennes,Vincennes
﻿vin.in.0166,﻿church,﻿St. Pius,English,,,,,﻿Perry County,﻿Troy,﻿Troy,﻿IN,,37.9951108,-86.8043185,﻿vin.in.0150,﻿Attended from St. Meinrad,,,,,,,,,,,,1865,﻿,﻿,﻿Vincennes,Vincennes
﻿vin.in.0167,﻿church,not recorded,English,,,,﻿Clarke County,﻿Clarke County,﻿Utica,﻿Utica,﻿IN,,38.3336795,-85.6535729,﻿vin.in.0070,﻿Attended from Jeffersonville,,,,,,,,,,,,1865,﻿,﻿,﻿Vincennes,Vincennes
﻿vin.in.0254,﻿church,not recorded,English,,,,﻿Jennings County,,﻿Vernon,,,,,,﻿vin.in.0131,﻿Attended from St. Ann's,,,,,,,,,,,,1865,﻿,﻿,﻿Vincennes,Vincennes
﻿vin.in.0168,﻿church,not recorded,English,,,,,﻿Switzerland County,﻿Vevay,﻿Vevay,﻿IN,,38.7478401,-85.0671725,﻿vin.in.0081,﻿Attended from Madison,,,,,,,,,,,,1865,﻿,﻿,﻿Vincennes,Vincennes
﻿vin.in.0170,﻿church,not recorded,English,,,,,﻿Scott County,﻿Vienna,﻿Vienna,﻿IN,,38.6489481,-85.7688559,﻿vin.in.0018,﻿Attended from Buena Vista,,,,,,,,,,,,1865,﻿,﻿,﻿Vincennes,Vincennes
﻿vin.in.0171,﻿church,﻿St. Simon's,English,,,,,﻿Daviess County,﻿Washington,﻿Washington,﻿IN,,38.6610959,-87.1821709,,,,﻿j_b_chassé_001,﻿Rev.,﻿J. B. Chassé,,,,,,,,1865,﻿,﻿,﻿Vincennes,Vincennes
﻿vin.in.0173,﻿church,﻿St. Philomena's,English,,,,,﻿Franklin County,﻿Wolf Creek,﻿Brookville,﻿IN,,39.391492,-85.048533,﻿vin.in.0016,﻿Attended from Brookville,,,,,,,,,,,,1865,﻿,﻿,﻿Vincennes,Vincennes
﻿vin.in.0174,﻿church,﻿St. Rupert's,English,,,,,﻿Warwick County,﻿Yankeetown,﻿Yankeetown,﻿IN,,37.938651,-87.270646,﻿vin.in.0150,﻿Attended from St. Meinrad's,,,,,,,,,,,,1865,﻿,﻿,﻿Vincennes,Vincennes
﻿vin.in.0175,﻿church,﻿St. Martin's,English,,,,,﻿Dearborn County,﻿Yorkville,﻿Yorkville,﻿IN,,39.203838,-84.966797,﻿vin.in.0100,﻿Attended from New-Alsace,,,,,,,,,,,,1865,﻿,﻿,﻿Vincennes,Vincennes
﻿vin.in.0255,﻿church,﻿St. Anthony's,English,"﻿Ferdinand, Dubois County P.O.",,,﻿Dubois County,,,,,,,,,,,﻿j_meister_001,﻿Rev.,﻿J. Meister,,,,,,,,1865,﻿,﻿,﻿Vincennes,Vincennes
﻿vin.in.0242,﻿seminary,﻿St. Charles' Seminary,English,﻿ecclesiastical,,,,,﻿Vincennes,,,,,,,,,﻿joh_gueguen_001,﻿Rev.,﻿J. Gueguen,,﻿Superior,,,,,,1865,﻿,﻿,﻿Vincennes,Vincennes
﻿vin.in.0176,﻿convent,﻿St. Meinrad's Benedictine Convent,English,,,,,,﻿Spencer,,﻿IN,,38.1710794,-86.8091951,,,,﻿isi_hobi_001,﻿Rev.,﻿Isidore Hobi,﻿O.S.B.,﻿Superior,,,﻿several clerical and lay brothers.,﻿The Benedictine Fathers,,1865,﻿,﻿,﻿Vincennes,Vincennes
﻿vin.in.0176,﻿convent,﻿St. Meinrad's Benedictine Convent,English,,,,,,﻿Spencer,,﻿IN,,38.1710794,-86.8091951,,,,﻿p_b_oconnor_001,﻿Very Rev.,﻿P. Bede O'Connor,﻿O.S.B.,,,,﻿several clerical and lay brothers.,﻿The Benedictine Fathers,,1865,﻿,﻿,﻿Vincennes,Vincennes
﻿vin.in.0176,﻿convent,﻿St. Meinrad's Benedictine Convent,English,,,,,,﻿Spencer,,﻿IN,,38.1710794,-86.8091951,,,,﻿joh_c_foffa_001,﻿Rev.,﻿John Chrysostome Foffa,﻿O.S.B.,,,,﻿several clerical and lay brothers.,﻿The Benedictine Fathers,,1865,﻿,﻿,﻿Vincennes,Vincennes
﻿vin.in.0176,﻿convent,﻿St. Meinrad's Benedictine Convent,English,,,,,,﻿Spencer,,﻿IN,,38.1710794,-86.8091951,,,,﻿wol_schlumpf_001,﻿Rev.,﻿Wolfgang Schlumpf,﻿O.S.B.,,,,﻿several clerical and lay brothers.,﻿The Benedictine Fathers,,1865,﻿,﻿,﻿Vincennes,Vincennes
﻿vin.in.0176,﻿convent,﻿St. Meinrad's Benedictine Convent,English,,,,,,﻿Spencer,,﻿IN,,38.1710794,-86.8091951,,,,﻿mar_marty_001,﻿Rev.,﻿Martin Marty,﻿O.S.B.,,,,﻿several clerical and lay brothers.,﻿The Benedictine Fathers,,1865,﻿,﻿,﻿Vincennes,Vincennes
﻿vin.in.0176,﻿convent,﻿St. Meinrad's Benedictine Convent,English,,,,,,﻿Spencer,,﻿IN,,38.1710794,-86.8091951,,,,﻿fin_mundwiler_001,﻿Rev.,﻿Fintan Mundwiler,﻿O.S.B.,,,,﻿several clerical and lay brothers.,﻿The Benedictine Fathers,,1865,﻿,﻿,﻿Vincennes,Vincennes
﻿vin.in.0176,﻿convent,﻿St. Meinrad's Benedictine Convent,English,,,,,,﻿Spencer,,﻿IN,,38.1710794,-86.8091951,,,,﻿ben_brunet_001,﻿Rev.,﻿Benedict Brunet,﻿O.S.B.,,,,﻿several clerical and lay brothers.,﻿The Benedictine Fathers,,1865,﻿,﻿,﻿Vincennes,Vincennes
﻿vin.in.0176,﻿convent,﻿St. Meinrad's Benedictine Convent,English,,,,,,﻿Spencer,,﻿IN,,38.1710794,-86.8091951,,,,﻿mei_m_mccarthy_001,﻿Rev.,﻿Meinrad M. McCarthy,﻿O.S.B.,,,,﻿several clerical and lay brothers.,﻿The Benedictine Fathers,,1865,﻿,﻿,﻿Vincennes,Vincennes
﻿vin.in.0176,﻿convent,﻿St. Meinrad's Benedictine Convent,English,,,,,,﻿Spencer,,﻿IN,,38.1710794,-86.8091951,,,,﻿hen_hug_001,﻿Rev.,﻿Henry Hug,﻿O.S.B.,,,,﻿several clerical and lay brothers.,﻿The Benedictine Fathers,,1865,﻿,﻿,﻿Vincennes,Vincennes
﻿vin.in.0176,﻿convent,﻿St. Meinrad's Benedictine Convent,English,,,,,,﻿Spencer,,﻿IN,,38.1710794,-86.8091951,,,,﻿fid_maute_001,﻿Rev.,﻿Fidelis Maute,﻿O.S.B.,,,,﻿several clerical and lay brothers.,﻿The Benedictine Fathers,,1865,﻿,﻿,﻿Vincennes,Vincennes
﻿vin.in.0178,"﻿institute, house",﻿St. Mary's Institute and Religious House of the Sisters of Providence,English,"﻿The Sisters of Providence are employed in the education of youth, and in works of mercy. They conduct schools of both grades, common and high; have charge of orphans and invalids in hospitals of charity; they also visit the poor and indigent sick.",﻿near Terre Haute,,﻿Vigo County,,,,﻿IN,,39.5105381,-87.4605863,,,,﻿j_corbe_001,﻿Very Rev.,﻿J. Corbe,,﻿Chaplain,,,﻿The Sisters of Providence,﻿The Sisters of Providence,,1865,﻿,﻿,﻿Vincennes,Vincennes
﻿vin.in.0199,﻿institute,﻿Convent of St. Francis,English,"﻿The Mother House is situated at Oldenburgh, a pleasant village about three miles distant from Batesville Station, on the Indianapolis and Cincinnati Railroad. The members follow the rule of the Third Order of St. Francis for Conventuals, and devote themselves to the instruction of youth and the care of orphans. The Perpetual Adoration is practised in the chapel adjoining the monastery buildings.",,,,,﻿Oldenburgh,﻿Oldenburgh,﻿IN,,39.339773,-85.2044063,,,,,﻿Mother,﻿Mary Antonia,﻿O.S.F.,﻿Superioress,,﻿Professed Sisters,﻿60 professed sisters,﻿under charge of the Sisters of St. Francis.,,1865,﻿,﻿,﻿Vincennes,Vincennes
﻿vin.in.0199,﻿institute,﻿Convent of St. Francis,English,"﻿The Mother House is situated at Oldenburgh, a pleasant village about three miles distant from Batesville Station, on the Indianapolis and Cincinnati Railroad. The members follow the rule of the Third Order of St. Francis for Conventuals, and devote themselves to the instruction of youth and the care of orphans. The Perpetual Adoration is practised in the chapel adjoining the monastery buildings.",,,,,﻿Oldenburgh,﻿Oldenburgh,﻿IN,,39.339773,-85.2044063,,,,,,﻿M. Clara,,﻿Mistress of Novices,,﻿Novices,﻿22 novices,﻿under charge of the Sisters of St. Francis.,,1865,﻿,﻿,﻿Vincennes,Vincennes
﻿vin.in.0199,﻿institute,﻿Institute of the Immaculate Conception,English,"﻿The Mother House is situated at Oldenburgh, a pleasant village about three miles distant from Batesville Station, on the Indianapolis and Cincinnati Railroad. The members follow the rule of the Third Order of St. Francis for Conventuals, and devote themselves to the instruction of youth and the care of orphans. The Perpetual Adoration is practised in the chapel adjoining the monastery buildings.",,,,,﻿Oldenburgh,﻿Oldenburgh,﻿IN,,39.339773,-85.2044063,,,,,,﻿M. Bonaventure,,﻿Directress,,﻿Pupils,﻿120 pupils,﻿under charge of the Sisters of St. Francis.,,1865,﻿,﻿,﻿Vincennes,Vincennes
﻿vin.in.0182,﻿male orphan asylum,﻿St. Vincent's Orphan Asylum for Boys,English,﻿Near Vincennes,,,,,﻿Highland,,,,,,,,,﻿j_contin_001,﻿Rev.,﻿J. Contin,,﻿Chaplain,,,,,,1865,﻿,﻿,﻿Vincennes,Vincennes
﻿vin.in.0182,﻿male orphan asylum,﻿St. Vincent's Orphan Asylum for Boys,English,﻿Near Vincennes,,,,,﻿Highland,,,,,,,,,,﻿Sister,﻿M. Joachim,﻿Sister of Providence,﻿Superior,,,,,,1865,﻿,﻿,﻿Vincennes,Vincennes
﻿vin.in.0183,﻿asylum,﻿St. Mary's Female Orphan Asylum,English,,,,,,﻿Vincennes,﻿Vincennes,﻿IN,,39.5107254,-87.4669729,,,,,﻿Sister,﻿St. Felix,,﻿Superioress,,,,﻿directed by the Sisters of Providence,,1865,﻿,﻿,﻿Vincennes,Vincennes
﻿vin.in.0180,﻿school,﻿St. Rose's Boarding School,English,,,,,,﻿Vincennes,﻿Vincennes,﻿IN,,38.677269,-87.5286325,,,,,﻿Sister,﻿Austin,,﻿Superioress,,,,﻿directed by the Sisters of Providence,,1865,﻿,﻿,﻿Vincennes,Vincennes
﻿vin.in.0243,﻿day school,not recorded,English,,,,,,﻿Vincennes,,,,,,,,,,,,,,,,,﻿directed by the Sisters of Providence,,1865,﻿,﻿,﻿Vincennes,Vincennes
﻿vin.in.0244,﻿day school,not recorded,English,,,,,,﻿Terre Haute,,,,,,,,,,,,,,,,,﻿directed by the Sisters of Providence,,1865,﻿,﻿,﻿Vincennes,Vincennes
﻿vin.in.0245,﻿day school,not recorded,English,,,,,,﻿Indianapolis,,,,,,,,,,,,,,,,,﻿directed by the Sisters of Providence,,1865,﻿,﻿,﻿Vincennes,Vincennes
﻿vin.in.0246,﻿day school,not recorded,English,,,,,,﻿South-Madison,,,,,,,,,,,,,,,,,﻿directed by the Sisters of Providence,,1865,﻿,﻿,﻿Vincennes,Vincennes
﻿vin.in.0247,﻿day school,not recorded,English,,,,,,﻿North-Madison,,,,,,,,,,,,,,,,,﻿directed by the Sisters of Providence,,1865,﻿,﻿,﻿Vincennes,Vincennes
﻿vin.in.0248,﻿day school,not recorded,English,,,,,,﻿New-Albany,,,,,,,,,,,,,,,,,﻿directed by the Sisters of Providence,,1865,﻿,﻿,﻿Vincennes,Vincennes
﻿vin.in.0249,﻿day school,not recorded,English,,,,,,﻿Evansville,,,,,,,,,,,,,,,,,﻿directed by the Sisters of Providence,,1865,﻿,﻿,﻿Vincennes,Vincennes
﻿vin.in.0250,﻿day school,not recorded,English,,,,,,﻿Washington,,,,,,,,,,,,,,,,,﻿directed by the Sisters of Providence,,1865,﻿,﻿,﻿Vincennes,Vincennes
﻿vin.in.0251,﻿day school,not recorded,English,,,,,,﻿Loogootee,,,,,,,,,,,,,,,,,﻿directed by the Sisters of Providence,,1865,﻿,﻿,﻿Vincennes,Vincennes
﻿vin.in.0252,﻿day school,not recorded,English,,,,,,﻿Ferdinand,,,,,,,,,,,,,,,,,﻿directed by the Sisters of Providence,,1865,﻿,﻿,﻿Vincennes,Vincennes
﻿vin.in.0241,﻿day school,﻿Parish School,English,﻿attached to Church of the Holy Family,,,,,﻿Oldenburgh,,,,,,,,,,,﻿M. Amata,,﻿Directress,,﻿Juvenile Department,﻿95,﻿taught by Sisters of St. Francis,,1865,﻿,﻿,﻿Vincennes,Vincennes
﻿vin.in.0241,﻿day school,﻿Parish School,English,﻿attached to Church of the Holy Family,,,,,﻿Oldenburgh,,,,,,,,,,,,,,,﻿Higher Department,﻿82,﻿taught by Sisters of St. Francis,,1865,﻿,﻿,﻿Vincennes,Vincennes
﻿vin.in.0207,﻿school,﻿St. Anthony's Parish School,English,,,,,,﻿Morris Station,﻿Morris,﻿IN,,39.0986811,-85.2308414,,,,,,﻿M. Rosalia,,﻿Directress,,﻿Pupils,﻿150 pupils,﻿under charge of the Sisters of St. Francis,,1865,﻿,﻿,﻿Vincennes,Vincennes
﻿vin.in.0205,﻿school,﻿St. Vincent's,English,﻿Vacant at present. Buildings in readiness for an institute and day-school.,,,,,﻿Near Shelbyville,﻿Prescott,﻿IN,,39.4783593,-85.707005,,,,,,,,,,,,,,1865,﻿,﻿,﻿Vincennes,Vincennes
﻿vin.in.0238,﻿school,﻿Indianapolis School,English,,,,,,,,,,,,,,,,,﻿M. Cecilia,,﻿Directress,,﻿Pupils,﻿120 pupils,﻿under charge of the Sisters of St. Francis,,1865,﻿,﻿,﻿Vincennes,Vincennes
﻿vin.in.0210,﻿school,﻿Yorkville School,English,,,,,,﻿Yorkville,﻿Yorkville,﻿IN,,39.203838,-84.966797,,,,,,﻿M. Eustachia,,﻿Directress,,﻿Pupils,﻿110 pupils,﻿under charge of the Sisters of St. Francis,,1865,﻿,﻿,﻿Vincennes,Vincennes
﻿vin.in.0239,﻿school,﻿New-Alsace School,English,,,,,,,,,,,,,,,,,﻿M. Augustine,,﻿Directress,,﻿Pupils,﻿90 pupils,﻿under charge of the Sisters of St. Francis,,1865,﻿,﻿,﻿Vincennes,Vincennes
﻿vin.in.0240,﻿school,﻿Richmond School,English,,,,,,,,,,,,,,,,,﻿M. Eleanora,,﻿Directress,,﻿Pupils,﻿100 pupils,﻿under charge of the Sisters of St. Francis,,1865,﻿,﻿,﻿Vincennes,Vincennes
